,Title,Authors,Journal,Year,Link Abstract,Link HTML,Link PDF
0,Goos–Hänchen shifts at the interfaces between left- and right-handed media,"Qing, De-Kui; Chen, Gang",Optics Letters 29(8) 872-874 ,2004,https://www.osapublishing.org/ol/abstract.cfm?uri=ol-29-8-872&origin=search,https://www.osapublishing.org/ol/viewmedia.cfm?URI=ol-29-8-872&seq=0&html=true&origin=search,https://www.osapublishing.org/ol/viewmedia.cfm?URI=ol-29-8-872&seq=0&origin=search
1,Opposite Goos–Hänchen shifts for transverse-electric and transverse-magnetic beams at the interface associated with single-negative materials,"Hu, Xiaolong; Huang, Yidong; Zhang, Wei; Qing, De-Kui; Peng, Jiangde",Optics Letters 30(8) 899-901 ,2005,https://www.osapublishing.org/ol/abstract.cfm?uri=ol-30-8-899&origin=search,https://www.osapublishing.org/ol/viewmedia.cfm?URI=ol-30-8-899&seq=0&html=true&origin=search,https://www.osapublishing.org/ol/viewmedia.cfm?URI=ol-30-8-899&seq=0&origin=search
2,Quantum-well enhancement of the Goos–Hänchen shift for p-polarized beams in a two-prism configuration,"Broe, Jacob; Keller, Ole",Journal of the Optical Society of America A 19(6) 1212-1222 ,2002,https://www.osapublishing.org/josaa/abstract.cfm?uri=josaa-19-6-1212&origin=search,https://www.osapublishing.org/josaa/viewmedia.cfm?URI=josaa-19-6-1212&seq=0&html=true&origin=search,https://www.osapublishing.org/josaa/viewmedia.cfm?URI=josaa-19-6-1212&seq=0&origin=search
3,Influence of misfit strain on the Goos–Hänchen shift upon reflection from a magnetic film on a nonmagnetic substrate,"Dadoenkova, Yu. S.; Bentivegna, F. F. L.; Dadoenkova, N. N.; Lyubchanskii, I. L.; Lee, Y. P.",Journal of the Optical Society of America B 33(3) 393-404 ,2016,https://www.osapublishing.org/josab/abstract.cfm?uri=josab-33-3-393&origin=search,https://www.osapublishing.org/josab/viewmedia.cfm?URI=josab-33-3-393&seq=0&html=true&origin=search,https://www.osapublishing.org/josab/viewmedia.cfm?URI=josab-33-3-393&seq=0&origin=search
4,Total Reflection: A New Evaluation of the Goos–Hänchen Shift,"Renard, Rémi H.",Journal of the Optical Society of America 54(10) 1190-1197 ,1964,https://www.osapublishing.org/josa/abstract.cfm?uri=josa-54-10-1190&origin=search,https://www.osapublishing.org/josa/viewmedia.cfm?URI=josa-54-10-1190&seq=0&html=true&origin=search,https://www.osapublishing.org/josa/viewmedia.cfm?URI=josa-54-10-1190&seq=0&origin=search
5,Goos–Hänchen shift of the reflected beam in a standing-wave coupled electromagnetically induced transparency system,"Zhang, Xiao-Jun; Wang, Hai-Hua; Wang, Chun-Liang; Xu, Yan; Liang, Zhi-Peng; Fan, Cun-Bo; Liu, Cheng-Zhi; Gao, Jin-Yue",Journal of the Optical Society of America B 32(11) 2281-2287 ,2015,https://www.osapublishing.org/josab/abstract.cfm?uri=josab-32-11-2281&origin=search,https://www.osapublishing.org/josab/viewmedia.cfm?URI=josab-32-11-2281&seq=0&html=true&origin=search,https://www.osapublishing.org/josab/viewmedia.cfm?URI=josab-32-11-2281&seq=0&origin=search
6,Nearly three orders of magnitude enhancement of Goos-Hanchen shift by exciting Bloch surface wave,"Wan, Yuhang; Zheng, Zheng; Kong, Weijing; Zhao, Xin; Liu, Ya; Bian, Yusheng; Liu, Jiansheng",Optics Express 20(8) 8998-9003 ,2012,https://www.osapublishing.org/oe/abstract.cfm?uri=oe-20-8-8998&origin=search,https://www.osapublishing.org/oe/viewmedia.cfm?URI=oe-20-8-8998&seq=0&html=true&origin=search,https://www.osapublishing.org/oe/viewmedia.cfm?URI=oe-20-8-8998&seq=0&origin=search
7,Goos–Hänchen beam shift at total internal reflection with application to spatially dispersive media,"Puri, Ashok; Birman, Joseph L.",Journal of the Optical Society of America A 3(4) 543-549 ,1986,https://www.osapublishing.org/josaa/abstract.cfm?uri=josaa-3-4-543&origin=search,https://www.osapublishing.org/josaa/viewmedia.cfm?URI=josaa-3-4-543&seq=0&html=true&origin=search,https://www.osapublishing.org/josaa/viewmedia.cfm?URI=josaa-3-4-543&seq=0&origin=search
8,Spin canting induced nonreciprocal Goos-Hänchen shifts,"Macêdo, R.; Stamps, R. L.; Dumelow, T.",Optics Express 22(23) 28467-28478 ,2014,https://www.osapublishing.org/oe/abstract.cfm?uri=oe-22-23-28467&origin=search,https://www.osapublishing.org/oe/viewmedia.cfm?URI=oe-22-23-28467&seq=0&html=true&origin=search,https://www.osapublishing.org/oe/viewmedia.cfm?URI=oe-22-23-28467&seq=0&origin=search
9,Coherent control of the Goos–Hänchen shift via an inhomogeneous cavity,"Jing, Qingli; Du, Chunguang; Lei, Fuchuan; Gao, Ming; Gao, Jiancun",Journal of the Optical Society of America B 32(8) 1532-1538 ,2015,https://www.osapublishing.org/josab/abstract.cfm?uri=josab-32-8-1532&origin=search,https://www.osapublishing.org/josab/viewmedia.cfm?URI=josab-32-8-1532&seq=0&html=true&origin=search,https://www.osapublishing.org/josab/viewmedia.cfm?URI=josab-32-8-1532&seq=0&origin=search
10,Goos-Hänchen-like shift of three-level matter wave incident on Raman beams,"Duan, Zhenglu; Hu, Liyun; Xu, XueXiang; Liu, Cunjin",Optics Express 22(15) 17679-17690 ,2014,https://www.osapublishing.org/oe/abstract.cfm?uri=oe-22-15-17679&origin=search,https://www.osapublishing.org/oe/viewmedia.cfm?URI=oe-22-15-17679&seq=0&html=true&origin=search,https://www.osapublishing.org/oe/viewmedia.cfm?URI=oe-22-15-17679&seq=0&origin=search
11,Interferometric method to measure the Goos–Hänchen shift,"Prajapati, Chandravati; Ranganathan, Dilip; Joseph, Joby",Journal of the Optical Society of America A 30(4) 741-748 ,2013,https://www.osapublishing.org/josaa/abstract.cfm?uri=josaa-30-4-741&origin=search,https://www.osapublishing.org/josaa/viewmedia.cfm?URI=josaa-30-4-741&seq=0&html=true&origin=search,https://www.osapublishing.org/josaa/viewmedia.cfm?URI=josaa-30-4-741&seq=0&origin=search
12,Boosting Goos-Hanchen shift from a Bloch surface wave structure by optimizing excitation angles,"li, shuna; Liu, Jiansheng; Wan, Yuhang; Kong, Weijing; Sun, Yu; Zheng, Zheng","Asia Communications and Photonics Conference, Paper# AF2I.22 ",2013,https://www.osapublishing.org/abstract.cfm?uri=acpc-2013-AF2I.22&origin=search,,https://www.osapublishing.org/viewmedia.cfm?URI=acpc-2013-AF2I.22&seq=0&origin=search
13,Giant Goos–Hänchen shift in scattering: the role of interfering localized plasmon modes,"Soni, J.; Mansha, S.; Dutta Gupta, S.; Banerjee, A.; Ghosh, N.",Optics Letters 39(14) 4100-4103 ,2014,https://www.osapublishing.org/ol/abstract.cfm?uri=ol-39-14-4100&origin=search,https://www.osapublishing.org/ol/viewmedia.cfm?URI=ol-39-14-4100&seq=0&html=true&origin=search,https://www.osapublishing.org/ol/viewmedia.cfm?URI=ol-39-14-4100&seq=0&origin=search
14,Experimental observation of a giant Goos–Hänchen shift in graphene using a beam splitter scanning method,"Li, Xin; Wang, Peng; Xing, Fei; Chen, Xu-Dong; Liu, Zhi-Bo; Tian, Jian-Guo",Optics Letters 39(19) 5574-5577 ,2014,https://www.osapublishing.org/ol/abstract.cfm?uri=ol-39-19-5574&origin=search,https://www.osapublishing.org/ol/viewmedia.cfm?URI=ol-39-19-5574&seq=0&html=true&origin=search,https://www.osapublishing.org/ol/viewmedia.cfm?URI=ol-39-19-5574&seq=0&origin=search
15,Goos-Hänchen Shift on Flat and Not-So-Flat Metal Surfaces,"Merano, M.; Aiello, A.; 't Hooft, G. W.; van Exter, M. P.; Eliel, E. R.; Woerdman, J. P.","Frontiers in Optics, Paper# FMD6 ",2008,https://www.osapublishing.org/abstract.cfm?uri=fio-2008-FMD6&origin=search,,https://www.osapublishing.org/viewmedia.cfm?URI=fio-2008-FMD6&seq=0&origin=search
16,Direct Measurement of Negative Optical Goos-Hanchen Shift from Photonic Crystal,"Wong, Yu-Po; Xiao, Xuerong; Solgaard, Olav","QELS Fundamental Science, Paper# FF2B.3 ",2016,https://www.osapublishing.org/abstract.cfm?uri=cleo_qels-2016-FF2B.3&origin=search,,https://www.osapublishing.org/viewmedia.cfm?URI=cleo_qels-2016-FF2B.3&seq=0&origin=search
17,Tunable resonant Goos–Hänchen and Imbert–Fedorov shifts in total reflection of terahertz beams from graphene plasmonic metasurfaces,"Farmani, Ali; Miri, Mehdi; Sheikhi, Mohammad H.",Journal of the Optical Society of America B 34(6) 1097-1106 ,2017,https://www.osapublishing.org/josab/abstract.cfm?uri=josab-34-6-1097&origin=search,https://www.osapublishing.org/josab/viewmedia.cfm?URI=josab-34-6-1097&seq=0&html=true&origin=search,https://www.osapublishing.org/josab/viewmedia.cfm?URI=josab-34-6-1097&seq=0&origin=search
18,Goos-Hänchen Effect for High-Loss Materials,"Götte, Jörg B.; Aiello, Andrea; Woerdman, J. P.","Frontiers in Optics, Paper# FMD5 ",2008,https://www.osapublishing.org/abstract.cfm?uri=fio-2008-FMD5&origin=search,,https://www.osapublishing.org/viewmedia.cfm?URI=fio-2008-FMD5&seq=0&origin=search
19,Giant Goos-Hanchen shift enhancement under total internal reflection by one-dimensional photonic crystals,"Wan, Yuhang; Zheng, Zheng; Kong, Weijing","Frontiers in Optics, Paper# FWK4 ",2011,https://www.osapublishing.org/abstract.cfm?uri=fio-2011-FWK4&origin=search,,https://www.osapublishing.org/viewmedia.cfm?URI=fio-2011-FWK4&seq=0&origin=search
20,Goos-Hänchen shift,"Snyder, Allan W.; Love, John D.",Applied Optics 15(1) 236-238 ,1976,https://www.osapublishing.org/ao/abstract.cfm?uri=ao-15-1-236&origin=search,https://www.osapublishing.org/ao/viewmedia.cfm?URI=ao-15-1-236&seq=0&html=true&origin=search,https://www.osapublishing.org/ao/viewmedia.cfm?URI=ao-15-1-236&seq=0&origin=search
21,Ultra-Broadband Radial Polarization Conversion based on Goos-Hanchen Shift,"Phua, P.B.; Lai, W.J.","The European Conference on Lasers and Electro-Optics, Paper# CC_10 ",2007,https://www.osapublishing.org/abstract.cfm?uri=cleo_europe-2007-CC_10&origin=search,,https://www.osapublishing.org/viewmedia.cfm?URI=cleo_europe-2007-CC_10&seq=0&origin=search
22,Giant and tunable Goos–Hanchen shifts for attenuated total reflection structure containing graphene,"Cheng, Min; Fu, Ping; Chen, Xiyao; Zeng, Xiahui; Feng, Shangyuan; Chen, Rong",Journal of the Optical Society of America B 31(10) 2325-2329 ,2014,https://www.osapublishing.org/josab/abstract.cfm?uri=josab-31-10-2325&origin=search,https://www.osapublishing.org/josab/viewmedia.cfm?URI=josab-31-10-2325&seq=0&html=true&origin=search,https://www.osapublishing.org/josab/viewmedia.cfm?URI=josab-31-10-2325&seq=0&origin=search
23,Energy flux and Goos–Hänchen shift in frustrated total internal reflection,"Chen, Xi; Lu, Xiao-Jing; Zhao, Pei-Liang; Zhu, Qi-Biao",Optics Letters 37(9) 1526-1528 ,2012,https://www.osapublishing.org/ol/abstract.cfm?uri=ol-37-9-1526&origin=search,https://www.osapublishing.org/ol/viewmedia.cfm?URI=ol-37-9-1526&seq=0&html=true&origin=search,https://www.osapublishing.org/ol/viewmedia.cfm?URI=ol-37-9-1526&seq=0&origin=search
24,An angular spectrum representation approach to the Goos-Hänchen shift,"McGuirk, M.; Carniglia, C. K.",Journal of the Optical Society of America 67(1) 103-107 ,1977,https://www.osapublishing.org/josa/abstract.cfm?uri=josa-67-1-103&origin=search,https://www.osapublishing.org/josa/viewmedia.cfm?URI=josa-67-1-103&seq=0&html=true&origin=search,https://www.osapublishing.org/josa/viewmedia.cfm?URI=josa-67-1-103&seq=0&origin=search
25,Goos-Hänchen shifts in harmonic generation from metals,"Yallapragada, V. J.; Gopal, Achanta Venu; Agarwal, G. S.",Optics Express 21(9) 10878-10885 ,2013,https://www.osapublishing.org/oe/abstract.cfm?uri=oe-21-9-10878&origin=search,https://www.osapublishing.org/oe/viewmedia.cfm?URI=oe-21-9-10878&seq=0&html=true&origin=search,https://www.osapublishing.org/oe/viewmedia.cfm?URI=oe-21-9-10878&seq=0&origin=search
26,Propagation-dependent beam profile distortion associated with the Goos-Hanchen shift,"Wan, Yuhang; Zheng, Zheng; Zhu, Jinsong",Optics Express 17(23) 21313-21319 ,2009,https://www.osapublishing.org/oe/abstract.cfm?uri=oe-17-23-21313&origin=search,https://www.osapublishing.org/oe/viewmedia.cfm?URI=oe-17-23-21313&seq=0&html=true&origin=search,https://www.osapublishing.org/oe/viewmedia.cfm?URI=oe-17-23-21313&seq=0&origin=search
27,Optical heterodyne sensor using the Goos–Hänchen shift,"Hashimoto, Takaharu; Yoshino, Toshihiko",Optics Letters 14(17) 913-915 ,1989,https://www.osapublishing.org/ol/abstract.cfm?uri=ol-14-17-913&origin=search,https://www.osapublishing.org/ol/viewmedia.cfm?URI=ol-14-17-913&seq=0&html=true&origin=search,https://www.osapublishing.org/ol/viewmedia.cfm?URI=ol-14-17-913&seq=0&origin=search
28,Giant positive and negative Goos-Hänchen shift on dielectric gratings caused by guided mode resonance,"Yang, Rui; Zhu, Wenkan; Li, Jingjing",Optics Express 22(2) 2043-2050 ,2014,https://www.osapublishing.org/oe/abstract.cfm?uri=oe-22-2-2043&origin=search,https://www.osapublishing.org/oe/viewmedia.cfm?URI=oe-22-2-2043&seq=0&html=true&origin=search,https://www.osapublishing.org/oe/viewmedia.cfm?URI=oe-22-2-2043&seq=0&origin=search
29,An Experiment to Measure the Goos-Hanchen Shift,"Prajapati, Chandravati; Joseph, Joby","International Conference on Fibre Optics and Photonics, Paper# MPo.6 ",2012,https://www.osapublishing.org/abstract.cfm?uri=photonics-2012-MPo.6&origin=search,,https://www.osapublishing.org/viewmedia.cfm?URI=photonics-2012-MPo.6&seq=0&origin=search
30,Nonlocal optical effects on the Goos–Hänchen shift at an interface of a composite material of metallic nanoparticles,"Huang, J. H.; Leung, P. T.",Journal of the Optical Society of America A 30(7) 1387-1393 ,2013,https://www.osapublishing.org/josaa/abstract.cfm?uri=josaa-30-7-1387&origin=search,https://www.osapublishing.org/josaa/viewmedia.cfm?URI=josaa-30-7-1387&seq=0&html=true&origin=search,https://www.osapublishing.org/josaa/viewmedia.cfm?URI=josaa-30-7-1387&seq=0&origin=search
31,Weak measurement of the Goos-Hänchen shift,"Jayaswal, Gaurav; Mistura, Giampaolo; Merano, Michele","QELS Fundamental Science, Paper# QM4C.5 ",2013,https://www.osapublishing.org/abstract.cfm?uri=cleo_qels-2013-QM4C.5&origin=search,,https://www.osapublishing.org/viewmedia.cfm?URI=cleo_qels-2013-QM4C.5&seq=0&origin=search
32,Goos–Hänchen and Imbert–Fedorov shifts for paraxial X-waves,"Ornigotti, Marco; Aiello, Andrea; Conti, Claudio",Optics Letters 40(4) 558-561 ,2015,https://www.osapublishing.org/ol/abstract.cfm?uri=ol-40-4-558&origin=search,https://www.osapublishing.org/ol/viewmedia.cfm?URI=ol-40-4-558&seq=0&html=true&origin=search,https://www.osapublishing.org/ol/viewmedia.cfm?URI=ol-40-4-558&seq=0&origin=search
33,Graphene-assisted resonant transmission and enhanced Goos–Hänchen shift in a frustrated total internal reflection configuration,"Chen, Yi; Ban, Yue; Zhu, Qi-Biao; Chen, Xi",Optics Letters 41(19) 4468-4471 ,2016,https://www.osapublishing.org/ol/abstract.cfm?uri=ol-41-19-4468&origin=search,https://www.osapublishing.org/ol/viewmedia.cfm?URI=ol-41-19-4468&seq=0&html=true&origin=search,https://www.osapublishing.org/ol/viewmedia.cfm?URI=ol-41-19-4468&seq=0&origin=search
34,"Highly-sensitive, Bloch-surface-wave Induced Giant Goos-Hanchen Shift Sensing","Kong, Weijing; Wan, Yuhang; Zheng, Zheng","CLEO: Science and Innovations, Paper# CTh4L.6 ",2012,https://www.osapublishing.org/abstract.cfm?uri=cleo_si-2012-CTh4L.6&origin=search,,https://www.osapublishing.org/viewmedia.cfm?URI=cleo_si-2012-CTh4L.6&seq=0&origin=search
35,Temperature-dependent Goos-Hänchen shift on the interface of metal/dielectric composites,"Zhao, Bin; Gao, Lei",Optics Express 17(24) 21433-21441 ,2009,https://www.osapublishing.org/oe/abstract.cfm?uri=oe-17-24-21433&origin=search,https://www.osapublishing.org/oe/viewmedia.cfm?URI=oe-17-24-21433&seq=0&html=true&origin=search,https://www.osapublishing.org/oe/viewmedia.cfm?URI=oe-17-24-21433&seq=0&origin=search
36,Refraction and Goos-Hänchen Shifts of Spatial Solitons at Cubic-Quintic Interfaces,"McCoy, Emily A.; Christian, James M.; McDonald, Graham S.; Sánchez-Curto, Julio; Chamorro-Posada, Pedro","Nonlinear Optics: Materials, Fundamentals and Applications, Paper# NW2A.3 ",2013,https://www.osapublishing.org/abstract.cfm?uri=nlo-2013-NW2A.3&origin=search,,https://www.osapublishing.org/viewmedia.cfm?URI=nlo-2013-NW2A.3&seq=0&origin=search
37,Goos–Hänchen beam shift at total internal reflection,"Seshadri, S. R.",Journal of the Optical Society of America A 5(4) 583-585 ,1988,https://www.osapublishing.org/josaa/abstract.cfm?uri=josaa-5-4-583&origin=search,https://www.osapublishing.org/josaa/viewmedia.cfm?URI=josaa-5-4-583&seq=0&html=true&origin=search,https://www.osapublishing.org/josaa/viewmedia.cfm?URI=josaa-5-4-583&seq=0&origin=search
38,Goos–Hänchen and Imbert–Fedorov shifts for leaky guided modes,"Pillon, Frank; Gilles, Hervé; Girard, Sylvain; Laroche, Mathieu; Kaiser, Robin; Gazibegovic, Azra",Journal of the Optical Society of America B 22(6) 1290-1299 ,2005,https://www.osapublishing.org/josab/abstract.cfm?uri=josab-22-6-1290&origin=search,https://www.osapublishing.org/josab/viewmedia.cfm?URI=josab-22-6-1290&seq=0&html=true&origin=search,https://www.osapublishing.org/josab/viewmedia.cfm?URI=josab-22-6-1290&seq=0&origin=search
39,Weak value amplification of an off-resonance Goos–Hänchen shift in a Kretschmann–Raether surface plasmon resonance device,"Parks, A. D.; Spence, S. E.",Applied Optics 54(18) 5872-5876 ,2015,https://www.osapublishing.org/ao/abstract.cfm?uri=ao-54-18-5872&origin=search,https://www.osapublishing.org/ao/viewmedia.cfm?URI=ao-54-18-5872&seq=0&html=true&origin=search,https://www.osapublishing.org/ao/viewmedia.cfm?URI=ao-54-18-5872&seq=0&origin=search
40,Large positive and negative generalized Goos–Hänchen shifts from a double negative metamaterial slab backed by a metal,"Cheng, Min; Zhou, Yingwu; Li, Yuliang; Li, Xuemei",Journal of the Optical Society of America B 25(5) 773-776 ,2008,https://www.osapublishing.org/josab/abstract.cfm?uri=josab-25-5-773&origin=search,https://www.osapublishing.org/josab/viewmedia.cfm?URI=josab-25-5-773&seq=0&html=true&origin=search,https://www.osapublishing.org/josab/viewmedia.cfm?URI=josab-25-5-773&seq=0&origin=search
41,Effect of damping on Goos–Hänchen shift from weakly absorbing anisotropic metamaterials,"Chern, Ruey-Lin",Journal of the Optical Society of America B 31(5) 1174-1181 ,2014,https://www.osapublishing.org/josab/abstract.cfm?uri=josab-31-5-1174&origin=search,https://www.osapublishing.org/josab/viewmedia.cfm?URI=josab-31-5-1174&seq=0&html=true&origin=search,https://www.osapublishing.org/josab/viewmedia.cfm?URI=josab-31-5-1174&seq=0&origin=search
42,Optimized weak measurements of Goos–Hänchen and Imbert–Fedorov shifts in partial reflection,"Goswami, S.; Dhara, S.; Pal, M.; Nandi, A.; Panigrahi, P. K.; Ghosh, N.",Optics Express 24(6) 6041-6051 ,2016,https://www.osapublishing.org/oe/abstract.cfm?uri=oe-24-6-6041&origin=search,https://www.osapublishing.org/oe/viewmedia.cfm?URI=oe-24-6-6041&seq=0&html=true&origin=search,https://www.osapublishing.org/oe/viewmedia.cfm?URI=oe-24-6-6041&seq=0&origin=search
43,Effect of the Goos–Hänchen shift on the geometrical-optics model for spherical-cavity mode spacing,"Chowdhury, D. Q.; Leach, D. H.; Chang, R. K.",Journal of the Optical Society of America A 11(3) 1110-1116 ,1994,https://www.osapublishing.org/josaa/abstract.cfm?uri=josaa-11-3-1110&origin=search,https://www.osapublishing.org/josaa/viewmedia.cfm?URI=josaa-11-3-1110&seq=0&html=true&origin=search,https://www.osapublishing.org/josaa/viewmedia.cfm?URI=josaa-11-3-1110&seq=0&origin=search
44,Weak measurement of the composite Goos–Hänchen shift in the critical region,"Santana, Octávio J. S.; Carvalho, Silvânia A.; De Leo, Stefano; de Araujo, Luís E. E.",Optics Letters 41(16) 3884-3887 ,2016,https://www.osapublishing.org/ol/abstract.cfm?uri=ol-41-16-3884&origin=search,https://www.osapublishing.org/ol/viewmedia.cfm?URI=ol-41-16-3884&seq=0&html=true&origin=search,https://www.osapublishing.org/ol/viewmedia.cfm?URI=ol-41-16-3884&seq=0&origin=search
45,Giant negative Goos-Hänchen shifts for a photonic crystal with a negative effective index,"He, Jinlong; Yi, Jin; He, Sailing",Optics Express 14(7) 3024-3029 ,2006,https://www.osapublishing.org/oe/abstract.cfm?uri=oe-14-7-3024&origin=search,https://www.osapublishing.org/oe/viewmedia.cfm?URI=oe-14-7-3024&seq=0&html=true&origin=search,https://www.osapublishing.org/oe/viewmedia.cfm?URI=oe-14-7-3024&seq=0&origin=search
46,Plasmonic structure induce giant Goos-Hänchen shifts in a four-level quantum system,"najafi, hooman; ghadiri, yashar","Novel Optical Materials and Applications, Paper# NoM2C.4 ",2016,https://www.osapublishing.org/abstract.cfm?uri=noma-2016-NoM2C.4&origin=search,,https://www.osapublishing.org/viewmedia.cfm?URI=noma-2016-NoM2C.4&seq=0&origin=search
47,Goos-Hänchen and Imbert-Fedorov shifts for Gaussian beams impinging on graphene-coated surfaces,"Grosche, Simon; Ornigotti, Marco; Szameit, Alexander",Optics Express 23(23) 30195-30203 ,2015,https://www.osapublishing.org/oe/abstract.cfm?uri=oe-23-23-30195&origin=search,https://www.osapublishing.org/oe/viewmedia.cfm?URI=oe-23-23-30195&seq=0&html=true&origin=search,https://www.osapublishing.org/oe/viewmedia.cfm?URI=oe-23-23-30195&seq=0&origin=search
48,Observation of Goos-Hänchen shifts in metallic reflection,"Merano, M.; Aiello, A.; ’t Hooft, G.W.; van Exter, M. P.; Eliel, E. R.; Woerdman, J. P.",Optics Express 15(24) 15928-15934 ,2007,https://www.osapublishing.org/oe/abstract.cfm?uri=oe-15-24-15928&origin=search,https://www.osapublishing.org/oe/viewmedia.cfm?URI=oe-15-24-15928&seq=0&html=true&origin=search,https://www.osapublishing.org/oe/viewmedia.cfm?URI=oe-15-24-15928&seq=0&origin=search
49,Goos–Hanchen and Imbert–Fedorov shifts for Hermite–Gauss beams,"Prajapati, Chandra; Ranganathan, D.",Journal of the Optical Society of America A 29(7) 1377-1382 ,2012,https://www.osapublishing.org/josaa/abstract.cfm?uri=josaa-29-7-1377&origin=search,https://www.osapublishing.org/josaa/viewmedia.cfm?URI=josaa-29-7-1377&seq=0&html=true&origin=search,https://www.osapublishing.org/josaa/viewmedia.cfm?URI=josaa-29-7-1377&seq=0&origin=search
50,Simultaneous weak value amplification of angular Goos–Hänchen and Imbert–Fedorov shifts in partial reflection,"Goswami, S.; Pal, M.; Nandi, A.; Panigrahi, P. K.; Ghosh, N.",Optics Letters 39(21) 6229-6232 ,2014,https://www.osapublishing.org/ol/abstract.cfm?uri=ol-39-21-6229&origin=search,https://www.osapublishing.org/ol/viewmedia.cfm?URI=ol-39-21-6229&seq=0&html=true&origin=search,https://www.osapublishing.org/ol/viewmedia.cfm?URI=ol-39-21-6229&seq=0&origin=search
51,Measurement of the Goos-Hänchen shift at grazing incidence using Lloyd’s mirror,"Rhodes, D. J.; Carniglia, C. K.",Journal of the Optical Society of America 67(5) 679-683 ,1977,https://www.osapublishing.org/josa/abstract.cfm?uri=josa-67-5-679&origin=search,https://www.osapublishing.org/josa/viewmedia.cfm?URI=josa-67-5-679&seq=0&html=true&origin=search,https://www.osapublishing.org/josa/viewmedia.cfm?URI=josa-67-5-679&seq=0&origin=search
52,Large Enhancement of Nonlinear Goos-Hänchen Shifts and Optical Bistability due to Surface Plasmon Excitations,"Kim, Kihong","Nonlinear Optics: Materials, Fundamentals and Applications, Paper# NW4A.39 ",2015,https://www.osapublishing.org/abstract.cfm?uri=nlo-2015-NW4A.39&origin=search,,https://www.osapublishing.org/viewmedia.cfm?URI=nlo-2015-NW4A.39&seq=0&origin=search
53,Goos–Hänchen and Imbert–Fedorov shifts of an electromagnetic wave packet by a moving object,"Wang, Hailei; Zhang, Xiangdong",Journal of the Optical Society of America B 29(6) 1218-1225 ,2012,https://www.osapublishing.org/josab/abstract.cfm?uri=josab-29-6-1218&origin=search,https://www.osapublishing.org/josab/viewmedia.cfm?URI=josab-29-6-1218&seq=0&html=true&origin=search,https://www.osapublishing.org/josab/viewmedia.cfm?URI=josab-29-6-1218&seq=0&origin=search
54,Goos–Hänchen and Imbert–Fedorov shifts at the interface of ordinary dielectric and topological insulator,"Liu, Fen; Xu, Jingping; Song, Ge; Yang, Yaping",Journal of the Optical Society of America B 30(5) 1167-1172 ,2013,https://www.osapublishing.org/josab/abstract.cfm?uri=josab-30-5-1167&origin=search,https://www.osapublishing.org/josab/viewmedia.cfm?URI=josab-30-5-1167&seq=0&html=true&origin=search,https://www.osapublishing.org/josab/viewmedia.cfm?URI=josab-30-5-1167&seq=0&origin=search
55,Goos–Hänchen shift of partially coherent light fields in double quantum dots,"Abbas, Muqaddar; Ziauddin; Qamar, Sajid",Journal of the Optical Society of America B 34(2) 245-250 ,2017,https://www.osapublishing.org/josab/abstract.cfm?uri=josab-34-2-245&origin=search,https://www.osapublishing.org/josab/viewmedia.cfm?URI=josab-34-2-245&seq=0&html=true&origin=search,https://www.osapublishing.org/josab/viewmedia.cfm?URI=josab-34-2-245&seq=0&origin=search
56,Large negative Goos-Hänchen shift from a wedge-shaped thin film,"Bai, Jianping; Zhang, Yaoju",Chinese Optics Letters 7(9) 845-848 ,2009,https://www.osapublishing.org//col/abstract.cfm?uri=col-7-9-845&origin=search,,https://www.osapublishing.org//col/viewmedia.cfm?URI=col-7-9-845&seq=0&origin=search
57,Goos–Hänchen induced vector eigenmodes in a dome cavity,"Foster, David H.; Cook, Andrew K.; Nöckel, Jens U.",Optics Letters 32(12) 1764-1766 ,2007,https://www.osapublishing.org/ol/abstract.cfm?uri=ol-32-12-1764&origin=search,https://www.osapublishing.org/ol/viewmedia.cfm?URI=ol-32-12-1764&seq=0&html=true&origin=search,https://www.osapublishing.org/ol/viewmedia.cfm?URI=ol-32-12-1764&seq=0&origin=search
58,Goos-Hänchen shift for a rough metallic mirror,"Merano, M.; Götte, J. B.; Aiello, A.; van Exter, M. P.; Woerdman, J. P.",Optics Express 17(13) 10864-10870 ,2009,https://www.osapublishing.org/oe/abstract.cfm?uri=oe-17-13-10864&origin=search,https://www.osapublishing.org/oe/viewmedia.cfm?URI=oe-17-13-10864&seq=0&html=true&origin=search,https://www.osapublishing.org/oe/viewmedia.cfm?URI=oe-17-13-10864&seq=0&origin=search
59,"Polarization-modulated, Giant Goos-Hanchen Shift Sensing for Common Mode Drift Suppression","Wan, Yuhang; Zheng, Zheng; Li, Shuna; Dong, Shaolin; Liu, Jiansheng","CLEO: Applications and Technology, Paper# JTu4A.105 ",2013,https://www.osapublishing.org/abstract.cfm?uri=cleo_at-2013-JTu4A.105&origin=search,,https://www.osapublishing.org/viewmedia.cfm?URI=cleo_at-2013-JTu4A.105&seq=0&origin=search
60,"Polarization-modulated, Giant Goos-Hanchen Shift Sensing for Common Mode Drift Suppression","Wan, Yuhang; Zheng, Zheng; Li, Shuna; Dong, Shaolin; Liu, Jiansheng","CLEO: Science and Innovations, Paper# JTu4A.105 ",2013,https://www.osapublishing.org/abstract.cfm?uri=cleo_si-2013-JTu4A.105&origin=search,,https://www.osapublishing.org/viewmedia.cfm?URI=cleo_si-2013-JTu4A.105&seq=0&origin=search
61,"Polarization-modulated, Giant Goos-Hanchen Shift Sensing for Common Mode Drift Suppression","Wan, Yuhang; Zheng, Zheng; Li, Shuna; Dong, Shaolin; Liu, Jiansheng","QELS Fundamental Science, Paper# JTu4A.105 ",2013,https://www.osapublishing.org/abstract.cfm?uri=cleo_qels-2013-JTu4A.105&origin=search,,https://www.osapublishing.org/viewmedia.cfm?URI=cleo_qels-2013-JTu4A.105&seq=0&origin=search
62,Electrically controlled Goos-Hänchen shift of a light beam reflected from the metal-insulator-semiconductor structure,"Luo, Changyou; Guo, Jun; Wang, Qingkai; Xiang, Yuanjiang; Wen, Shuangchun",Optics Express 21(9) 10430-10439 ,2013,https://www.osapublishing.org/oe/abstract.cfm?uri=oe-21-9-10430&origin=search,https://www.osapublishing.org/oe/viewmedia.cfm?URI=oe-21-9-10430&seq=0&html=true&origin=search,https://www.osapublishing.org/oe/viewmedia.cfm?URI=oe-21-9-10430&seq=0&origin=search
63,Goos-Hänchen shifts of reflected terahertz wave on a COC-air interface,"Li, Qingmei; Zhang, Bo; Shen, Jingling",Optics Express 21(5) 6480-6487 ,2013,https://www.osapublishing.org/oe/abstract.cfm?uri=oe-21-5-6480&origin=search,https://www.osapublishing.org/oe/viewmedia.cfm?URI=oe-21-5-6480&seq=0&html=true&origin=search,https://www.osapublishing.org/oe/viewmedia.cfm?URI=oe-21-5-6480&seq=0&origin=search
64,Goos–Hänchen shift of the reflected wave through an anisotropic metamaterial containing metal/dielectric nanocomposites,"Huang, Yanyan; Zhao, Bin; Gao, Lei",Journal of the Optical Society of America A 29(7) 1436-1444 ,2012,https://www.osapublishing.org/josaa/abstract.cfm?uri=josaa-29-7-1436&origin=search,https://www.osapublishing.org/josaa/viewmedia.cfm?URI=josaa-29-7-1436&seq=0&html=true&origin=search,https://www.osapublishing.org/josaa/viewmedia.cfm?URI=josaa-29-7-1436&seq=0&origin=search
65,Control of the Goos–Hänchen shifts of a probe light beam using phase tunability of the intracavity medium,"Radmehr, Arash; Sahrai, M.; Sattari, H.",Applied Optics 55(8) 1946-1952 ,2016,https://www.osapublishing.org/ao/abstract.cfm?uri=ao-55-8-1946&origin=search,https://www.osapublishing.org/ao/viewmedia.cfm?URI=ao-55-8-1946&seq=0&html=true&origin=search,https://www.osapublishing.org/ao/viewmedia.cfm?URI=ao-55-8-1946&seq=0&origin=search
66,Goos–Hänchen shifts due to spin-orbit coupling in the carbon nanotube quantum dot nanostructures,"Asadpour, Seyyed Hossein",Applied Optics 56(8) 2201-2208 ,2017,https://www.osapublishing.org/ao/abstract.cfm?uri=ao-56-8-2201&origin=search,https://www.osapublishing.org/ao/viewmedia.cfm?URI=ao-56-8-2201&seq=0&html=true&origin=search,https://www.osapublishing.org/ao/viewmedia.cfm?URI=ao-56-8-2201&seq=0&origin=search
67,Goos–Hänchen and Imbert–Fedorov shifts of polarized vortex beams,"Bliokh, Konstantin Y.; Shadrivov, Ilya V.; Kivshar, Yuri S.",Optics Letters 34(3) 389-391 ,2009,https://www.osapublishing.org/ol/abstract.cfm?uri=ol-34-3-389&origin=search,https://www.osapublishing.org/ol/viewmedia.cfm?URI=ol-34-3-389&seq=0&html=true&origin=search,https://www.osapublishing.org/ol/viewmedia.cfm?URI=ol-34-3-389&seq=0&origin=search
68,Role of spatial coherence in Goos–Hänchen and Imbert–Fedorov shifts: comment,"Wang, Li-Gang; Liu, Ke-Hong",Optics Letters 37(6) 1056-1056 ,2012,https://www.osapublishing.org/ol/abstract.cfm?uri=ol-37-6-1056&origin=search,https://www.osapublishing.org/ol/viewmedia.cfm?URI=ol-37-6-1056&seq=0&html=true&origin=search,https://www.osapublishing.org/ol/viewmedia.cfm?URI=ol-37-6-1056&seq=0&origin=search
69,Correction to the theory of the Goos-Hänchen shift by Lotsch,"Carniglia, C. K.",Journal of the Optical Society of America 66(12) 1425-1425 ,1976,https://www.osapublishing.org/josa/abstract.cfm?uri=josa-66-12-1425&origin=search,https://www.osapublishing.org/josa/viewmedia.cfm?URI=josa-66-12-1425&seq=0&html=true&origin=search,https://www.osapublishing.org/josa/viewmedia.cfm?URI=josa-66-12-1425&seq=0&origin=search
70,Role of spatial coherence in Goos-Hänchen and Imbert–Fedorov shifts,"Aiello, Andrea; Woerdman, J. P.",Optics Letters 36(16) 3151-3153 ,2011,https://www.osapublishing.org/ol/abstract.cfm?uri=ol-36-16-3151&origin=search,https://www.osapublishing.org/ol/viewmedia.cfm?URI=ol-36-16-3151&seq=0&html=true&origin=search,https://www.osapublishing.org/ol/viewmedia.cfm?URI=ol-36-16-3151&seq=0&origin=search
71,Detection of chemical vapor with high sensitivity by using the symmetrical metal-cladding waveguide-enhanced Goos-Hänchen shift,"Nie, Yiyou; Li, Yuanhua; Wu, Zhijing; Wang, Xianping; Yuan, Wen; Sang, Minghuang",Optics Express 22(8) 8943-8948 ,2014,https://www.osapublishing.org/oe/abstract.cfm?uri=oe-22-8-8943&origin=search,https://www.osapublishing.org/oe/viewmedia.cfm?URI=oe-22-8-8943&seq=0&html=true&origin=search,https://www.osapublishing.org/oe/viewmedia.cfm?URI=oe-22-8-8943&seq=0&origin=search
72,Large and negative Goos–Hänchen shift near the Brewster dip on reflection from weakly absorbing media,"Lai, H. M.; Chan, S. W.",Optics Letters 27(9) 680-682 ,2002,https://www.osapublishing.org/ol/abstract.cfm?uri=ol-27-9-680&origin=search,https://www.osapublishing.org/ol/viewmedia.cfm?URI=ol-27-9-680&seq=0&html=true&origin=search,https://www.osapublishing.org/ol/viewmedia.cfm?URI=ol-27-9-680&seq=0&origin=search
73,Direct experimental observation of the single reflection optical Goos–Hänchen shift,"Schwefel, H. G. L.; Köhler, W.; Lu, Z. H.; Fan, J.; Wang, L. J.",Optics Letters 33(8) 794-796 ,2008,https://www.osapublishing.org/ol/abstract.cfm?uri=ol-33-8-794&origin=search,https://www.osapublishing.org/ol/viewmedia.cfm?URI=ol-33-8-794&seq=0&html=true&origin=search,https://www.osapublishing.org/ol/viewmedia.cfm?URI=ol-33-8-794&seq=0&origin=search
74,Tunneling-induced giant Goos–Hänchen shift in quantum wells,"Yang, Wen-Xing; Liu, Shaopeng; Zhu, Zhonghu; Ziauddin; Lee, Ray-Kuang",Optics Letters 40(13) 3133-3136 ,2015,https://www.osapublishing.org/ol/abstract.cfm?uri=ol-40-13-3133&origin=search,https://www.osapublishing.org/ol/viewmedia.cfm?URI=ol-40-13-3133&seq=0&html=true&origin=search,https://www.osapublishing.org/ol/viewmedia.cfm?URI=ol-40-13-3133&seq=0&origin=search
75,Direct measurement of the negative Goos–Hänchen shift of single reflection in a two-dimensional photonic crystal with negative refractive index,"Jiang, Qiang; Chen, Jiabi; Liang, Binming; Wang, Yan; Hu, Jinbing; Zhuang, Songlin",Optics Letters 42(7) 1213-1216 ,2017,https://www.osapublishing.org/ol/abstract.cfm?uri=ol-42-7-1213&origin=search,https://www.osapublishing.org/ol/viewmedia.cfm?URI=ol-42-7-1213&seq=0&html=true&origin=search,https://www.osapublishing.org/ol/viewmedia.cfm?URI=ol-42-7-1213&seq=0&origin=search
76,Total internal reflection of a pulsed light beam with consideration of Goos–Hänchen effect,"Liu, Xiangmin; Yang, Qingfen",Journal of the Optical Society of America B 27(11) 2190-2194 ,2010,https://www.osapublishing.org/josab/abstract.cfm?uri=josab-27-11-2190&origin=search,https://www.osapublishing.org/josab/viewmedia.cfm?URI=josab-27-11-2190&seq=0&html=true&origin=search,https://www.osapublishing.org/josab/viewmedia.cfm?URI=josab-27-11-2190&seq=0&origin=search
77,Study of Goos–Hänchen shifts of partially coherent light fields using a triple quantum dot system in the presence of giant Kerr nonlinearity,"Abbas, Muqaddar; Qamar, Sajid",Journal of the Optical Society of America B 33(7) 1444-1450 ,2016,https://www.osapublishing.org/josab/abstract.cfm?uri=josab-33-7-1444&origin=search,https://www.osapublishing.org/josab/viewmedia.cfm?URI=josab-33-7-1444&seq=0&html=true&origin=search,https://www.osapublishing.org/josab/viewmedia.cfm?URI=josab-33-7-1444&seq=0&origin=search
78,Direct experimental observation of giant Goos–Hänchen shifts from bandgap-enhanced total internal reflection,"Wan, Yuhang; Zheng, Zheng; Kong, Weijing; Liu, Ya; Lu, Zhiting; Bian, Yusheng",Optics Letters 36(18) 3539-3541 ,2011,https://www.osapublishing.org/ol/abstract.cfm?uri=ol-36-18-3539&origin=search,https://www.osapublishing.org/ol/viewmedia.cfm?URI=ol-36-18-3539&seq=0&html=true&origin=search,https://www.osapublishing.org/ol/viewmedia.cfm?URI=ol-36-18-3539&seq=0&origin=search
79,Measurement of positive and negative Goos–Hänchen effects for metallic gratings near Wood anomalies,"Bonnet, Christophe; Chauvat, Dominique; Emile, Olivier; Bretenaker, Fabien; Le Floch, Albert; Dutriaux, Laurent",Optics Letters 26(10) 666-668 ,2001,https://www.osapublishing.org/ol/abstract.cfm?uri=ol-26-10-666&origin=search,https://www.osapublishing.org/ol/viewmedia.cfm?URI=ol-26-10-666&seq=0&html=true&origin=search,https://www.osapublishing.org/ol/viewmedia.cfm?URI=ol-26-10-666&seq=0&origin=search
80,Large negative Goos–Hänchen shift from a weakly absorbing dielectric slab,"Wang, Li-Gang; Chen, Hong; Zhu, Shi-Yao",Optics Letters 30(21) 2936-2938 ,2005,https://www.osapublishing.org/ol/abstract.cfm?uri=ol-30-21-2936&origin=search,https://www.osapublishing.org/ol/viewmedia.cfm?URI=ol-30-21-2936&seq=0&html=true&origin=search,https://www.osapublishing.org/ol/viewmedia.cfm?URI=ol-30-21-2936&seq=0&origin=search
81,Beam reshaping in the occurrence of the Goos–Hänchen shift,"Xiao, Pingping",Journal of the Optical Society of America B 28(8) 1895-1898 ,2011,https://www.osapublishing.org/josab/abstract.cfm?uri=josab-28-8-1895&origin=search,https://www.osapublishing.org/josab/viewmedia.cfm?URI=josab-28-8-1895&seq=0&html=true&origin=search,https://www.osapublishing.org/josab/viewmedia.cfm?URI=josab-28-8-1895&seq=0&origin=search
82,Experimental observation of the propagation-dependent beam profile distortion and Goos–Hänchen shift under the surface plasmon resonance condition,"Wan, Yuhang; Zheng, Zheng; Zhu, Jinsong",Journal of the Optical Society of America B 28(2) 314-318 ,2011,https://www.osapublishing.org/josab/abstract.cfm?uri=josab-28-2-314&origin=search,https://www.osapublishing.org/josab/viewmedia.cfm?URI=josab-28-2-314&seq=0&html=true&origin=search,https://www.osapublishing.org/josab/viewmedia.cfm?URI=josab-28-2-314&seq=0&origin=search
83,Role of beam propagation in Goos–Hänchen and Imbert–Fedorov shifts,"Aiello, A.; Woerdman, J. P.",Optics Letters 33(13) 1437-1439 ,2008,https://www.osapublishing.org/ol/abstract.cfm?uri=ol-33-13-1437&origin=search,https://www.osapublishing.org/ol/viewmedia.cfm?URI=ol-33-13-1437&seq=0&html=true&origin=search,https://www.osapublishing.org/ol/viewmedia.cfm?URI=ol-33-13-1437&seq=0&origin=search
84,Goos–Hänchen and Imbert–Fedorov shifts of a nondiffracting Bessel beam,"Aiello, Andrea; Woerdman, J. P.",Optics Letters 36(4) 543-545 ,2011,https://www.osapublishing.org/ol/abstract.cfm?uri=ol-36-4-543&origin=search,https://www.osapublishing.org/ol/viewmedia.cfm?URI=ol-36-4-543&seq=0&html=true&origin=search,https://www.osapublishing.org/ol/viewmedia.cfm?URI=ol-36-4-543&seq=0&origin=search
85,Weak measurement of the Goos–Hänchen shift,"Jayaswal, G.; Mistura, G.; Merano, M.",Optics Letters 38(8) 1232-1234 ,2013,https://www.osapublishing.org/ol/abstract.cfm?uri=ol-38-8-1232&origin=search,https://www.osapublishing.org/ol/viewmedia.cfm?URI=ol-38-8-1232&seq=0&html=true&origin=search,https://www.osapublishing.org/ol/viewmedia.cfm?URI=ol-38-8-1232&seq=0&origin=search
86,Simple technique for measuring the Goos–Hänchen effect with polarization modulation and a position-sensitive detector,"Gilles, Hervé; Girard, Sylvain; Hamel, Joseph",Optics Letters 27(16) 1421-1423 ,2002,https://www.osapublishing.org/ol/abstract.cfm?uri=ol-27-16-1421&origin=search,https://www.osapublishing.org/ol/viewmedia.cfm?URI=ol-27-16-1421&seq=0&html=true&origin=search,https://www.osapublishing.org/ol/viewmedia.cfm?URI=ol-27-16-1421&seq=0&origin=search
87,Goos–Hänchen effect in the dynamics of laser eigenstates,"Dutriaux, Laurent; Le Floch, Albert; Bretenaker, Fabien",Journal of the Optical Society of America B 9(12) 2283-2289 ,1992,https://www.osapublishing.org/josab/abstract.cfm?uri=josab-9-12-2283&origin=search,https://www.osapublishing.org/josab/viewmedia.cfm?URI=josab-9-12-2283&seq=0&html=true&origin=search,https://www.osapublishing.org/josab/viewmedia.cfm?URI=josab-9-12-2283&seq=0&origin=search
88,Magneto-optical Goos-Hänchen effect in a prism-waveguide coupling structure,"Tang, Tingting; Qin, Jun; Xie, Jianliang; Deng, Longjiang; Bi, Lei",Optics Express 22(22) 27042-27055 ,2014,https://www.osapublishing.org/oe/abstract.cfm?uri=oe-22-22-27042&origin=search,https://www.osapublishing.org/oe/viewmedia.cfm?URI=oe-22-22-27042&seq=0&html=true&origin=search,https://www.osapublishing.org/oe/viewmedia.cfm?URI=oe-22-22-27042&seq=0&origin=search
89,Detection of subwavelength Goos–Hänchen shifts from near-field intensities: a numerical simulation,"Madrazo, A.; Nieto-Vesperinas, M.",Optics Letters 20(24) 2445-2447 ,1995,https://www.osapublishing.org/ol/abstract.cfm?uri=ol-20-24-2445&origin=search,https://www.osapublishing.org/ol/viewmedia.cfm?URI=ol-20-24-2445&seq=0&html=true&origin=search,https://www.osapublishing.org/ol/viewmedia.cfm?URI=ol-20-24-2445&seq=0&origin=search
90,Abnormal behaviors of Goos–Hänchen shift in hyperbolic metamaterials made of aluminum zinc oxide materials,"Zhao, Jing; Zhang, Hao; Zhang, Xiangchao; Li, Dahai; Lu, Hongliang; Xu, Min",Photonics Research 1(4) 160-163 ,2013,https://www.osapublishing.org/prj/abstract.cfm?uri=prj-1-4-160&origin=search,https://www.osapublishing.org/prj/viewmedia.cfm?URI=prj-1-4-160&seq=0&html=true&origin=search,https://www.osapublishing.org/prj/viewmedia.cfm?URI=prj-1-4-160&seq=0&origin=search
91,Giant Goos–Hänchen shifts and radiation-induced trapping of Helmholtz solitons at nonlinear interfaces,"Sánchez-Curto, Julio; Chamorro-Posada, Pedro; McDonald, Graham S.",Optics Letters 36(18) 3605-3607 ,2011,https://www.osapublishing.org/ol/abstract.cfm?uri=ol-36-18-3605&origin=search,https://www.osapublishing.org/ol/viewmedia.cfm?URI=ol-36-18-3605&seq=0&html=true&origin=search,https://www.osapublishing.org/ol/viewmedia.cfm?URI=ol-36-18-3605&seq=0&origin=search
92,Negative Goos–Hänchen shift on a concave dielectric interface,"Zhou, L.-M.; Zou, C.-L.; Han, Z.-F.; Guo, G.-C.; Sun, F.-W.",Optics Letters 36(5) 624-626 ,2011,https://www.osapublishing.org/ol/abstract.cfm?uri=ol-36-5-624&origin=search,https://www.osapublishing.org/ol/viewmedia.cfm?URI=ol-36-5-624&seq=0&html=true&origin=search,https://www.osapublishing.org/ol/viewmedia.cfm?URI=ol-36-5-624&seq=0&origin=search
93,Negative Goos–Hänchen shift in periodic media,"Rechtsman, Mikael C.; Kartashov, Yaroslav V.; Setzpfandt, Frank; Trompeter, Henrike; Torner, Lluis; Pertsch, Thomas; Peschel, Ulf; Szameit, Alexander",Optics Letters 36(22) 4446-4448 ,2011,https://www.osapublishing.org/ol/abstract.cfm?uri=ol-36-22-4446&origin=search,https://www.osapublishing.org/ol/viewmedia.cfm?URI=ol-36-22-4446&seq=0&html=true&origin=search,https://www.osapublishing.org/ol/viewmedia.cfm?URI=ol-36-22-4446&seq=0&origin=search
94,Widely varying giant Goos–Hänchen shifts from Airy beams at nonlinear interfaces,"Chamorro-Posada, Pedro; Sánchez-Curto, Julio; Aceves, Alejandro B.; McDonald, Graham S.",Optics Letters 39(6) 1378-1381 ,2014,https://www.osapublishing.org/ol/abstract.cfm?uri=ol-39-6-1378&origin=search,https://www.osapublishing.org/ol/viewmedia.cfm?URI=ol-39-6-1378&seq=0&html=true&origin=search,https://www.osapublishing.org/ol/viewmedia.cfm?URI=ol-39-6-1378&seq=0&origin=search
95,Positively and negatively large Goos–Hänchen lateral displacements from a single negative layered structure,"Talebzadeh, Robabeh; Namdar, Abdolrahman",Applied Optics 51(27) 6484-6488 ,2012,https://www.osapublishing.org/ao/abstract.cfm?uri=ao-51-27-6484&origin=search,https://www.osapublishing.org/ao/viewmedia.cfm?URI=ao-51-27-6484&seq=0&html=true&origin=search,https://www.osapublishing.org/ao/viewmedia.cfm?URI=ao-51-27-6484&seq=0&origin=search
96,High-sensitivity temperature sensor using the ultrahigh order mode-enhanced Goos-Hänchen effect,"Wang, Xianping; Yin, Cheng; Sun, Jingjing; Li, Honggen; Wang, Yang; Ran, Maowu; Cao, Zhuangqi",Optics Express 21(11) 13380-13385 ,2013,https://www.osapublishing.org/oe/abstract.cfm?uri=oe-21-11-13380&origin=search,https://www.osapublishing.org/oe/viewmedia.cfm?URI=oe-21-11-13380&seq=0&html=true&origin=search,https://www.osapublishing.org/oe/viewmedia.cfm?URI=oe-21-11-13380&seq=0&origin=search
97,Coherence matrices of light beams at dielectric interfaces and Goos–Hänchen effect,"Agarwal, G. S.",Journal of the Optical Society of America 65(12) 1475-1478 ,1975,https://www.osapublishing.org/josa/abstract.cfm?uri=josa-65-12-1475&origin=search,https://www.osapublishing.org/josa/viewmedia.cfm?URI=josa-65-12-1475&seq=0&html=true&origin=search,https://www.osapublishing.org/josa/viewmedia.cfm?URI=josa-65-12-1475&seq=0&origin=search
98,The characterization of GH shifts of surface plasmon resonance in a waveguide using the FDTD method,"Oh, Geum-Yoon; Kim, Doo Gun; Choi, Young-Wan",Optics Express 17(23) 20714-20720 ,2009,https://www.osapublishing.org/oe/abstract.cfm?uri=oe-17-23-20714&origin=search,https://www.osapublishing.org/oe/viewmedia.cfm?URI=oe-17-23-20714&seq=0&html=true&origin=search,https://www.osapublishing.org/oe/viewmedia.cfm?URI=oe-17-23-20714&seq=0&origin=search
99,Loss-induced transition of the Goos-Hänchen effect for metals and dielectrics,"Götte, J. B.; Aiello, A.; Woerdman, J. P.",Optics Express 16(6) 3961-3969 ,2008,https://www.osapublishing.org/oe/abstract.cfm?uri=oe-16-6-3961&origin=search,https://www.osapublishing.org/oe/viewmedia.cfm?URI=oe-16-6-3961&seq=0&html=true&origin=search,https://www.osapublishing.org/oe/viewmedia.cfm?URI=oe-16-6-3961&seq=0&origin=search
100,Goos–Hänchen effect around and off the critical angle,"Lai, H. M.; Cheng, F. C.; Tang, W. K.",Journal of the Optical Society of America A 3(4) 550-557 ,1986,https://www.osapublishing.org/josaa/abstract.cfm?uri=josaa-3-4-550&origin=search,https://www.osapublishing.org/josaa/viewmedia.cfm?URI=josaa-3-4-550&seq=0&html=true&origin=search,https://www.osapublishing.org/josaa/viewmedia.cfm?URI=josaa-3-4-550&seq=0&origin=search
101,Optical temperature sensing based on the Goos–Hänchen effect,"Chen, Chih-Wei; Lin, Wen-Chi; Liao, Lu-Shing; Lin, Zheng-Hung; Chiang, Hai-Pang; Leung, Pui-Tak; Sijercic, Edin; Tse, Wan-Sun",Applied Optics 46(22) 5347-5351 ,2007,https://www.osapublishing.org/ao/abstract.cfm?uri=ao-46-22-5347&origin=search,https://www.osapublishing.org/ao/viewmedia.cfm?URI=ao-46-22-5347&seq=0&html=true&origin=search,https://www.osapublishing.org/ao/viewmedia.cfm?URI=ao-46-22-5347&seq=0&origin=search
102,The Goos-Hänchen effect for surface plasmon polaritons,"Huerkamp, Felix; Leskova, Tamara A.; Maradudin, Alexei A.; Baumeier, Björn",Optics Express 19(16) 15483-15489 ,2011,https://www.osapublishing.org/oe/abstract.cfm?uri=oe-19-16-15483&origin=search,https://www.osapublishing.org/oe/viewmedia.cfm?URI=oe-19-16-15483&seq=0&html=true&origin=search,https://www.osapublishing.org/oe/viewmedia.cfm?URI=oe-19-16-15483&seq=0&origin=search
103,Oscillating wave displacement sensor using the enhanced Goos–Hänchen effect in a symmetrical metal-cladding optical waveguide,"Yu, Tianyi; Li, Honggen; Cao, Zhuangqi; Wang, Yi; Shen, Qishun; He, Ying",Optics Letters 33(9) 1001-1003 ,2008,https://www.osapublishing.org/ol/abstract.cfm?uri=ol-33-9-1001&origin=search,https://www.osapublishing.org/ol/viewmedia.cfm?URI=ol-33-9-1001&seq=0&html=true&origin=search,https://www.osapublishing.org/ol/viewmedia.cfm?URI=ol-33-9-1001&seq=0&origin=search
104,Goos-Hänchen effect observed for focused x-ray beams under resonant mode excitation,"Zhong, Qi; Melchior, Lars; Peng, Jichang; Huang, Qiushi; Wang, Zhanshan; Salditt, Tim",Optics Express 25(15) 17431-17445   [Editors' Pick,2017,https://www.osapublishing.org/oe/abstract.cfm?uri=oe-25-15-17431&origin=search,https://www.osapublishing.org/oe/viewmedia.cfm?URI=oe-25-15-17431&seq=0&html=true&origin=search,https://www.osapublishing.org/oe/viewmedia.cfm?URI=oe-25-15-17431&seq=0&origin=search
105,Nonreciprocal Goos-Hänchen Shift on Oblique Incidence Reflection off Antiferromagnets,"Dumelow, Thomas; Lima, Francinete; da Costa, José A.; Albuquerque, Eudenilson L.","Frontiers in Optics, Paper# FTuX4 ",2009,https://www.osapublishing.org/abstract.cfm?uri=fio-2009-FTuX4&origin=search,,https://www.osapublishing.org/viewmedia.cfm?URI=fio-2009-FTuX4&seq=0&origin=search
106,Amplified total internal reflection,"Fan, J.; Dogariu, A.; Wang, L. J.",Optics Express 11(4) 299-308 ,2003,https://www.osapublishing.org/oe/abstract.cfm?uri=oe-11-4-299&origin=search,https://www.osapublishing.org/oe/viewmedia.cfm?URI=oe-11-4-299&seq=0&html=true&origin=search,https://www.osapublishing.org/oe/viewmedia.cfm?URI=oe-11-4-299&seq=0&origin=search
107,Nonreciprocity in the Goos–Hänchen shift on oblique incidence reflection off antiferromagnets,"Lima, F.; Dumelow, T.; Albuquerque, E. L.; da Costa, J. A.P.",Journal of the Optical Society of America B 28(2) 306-313 ,2011,https://www.osapublishing.org/josab/abstract.cfm?uri=josab-28-2-306&origin=search,https://www.osapublishing.org/josab/viewmedia.cfm?URI=josab-28-2-306&seq=0&html=true&origin=search,https://www.osapublishing.org/josab/viewmedia.cfm?URI=josab-28-2-306&seq=0&origin=search
108,Lateral and focal shifts of phase-conjugated beams in photorefractive materials,"Papen, George C.; Saleh, Bahaa E. A.",Optics Letters 14(14) 745-747 ,1989,https://www.osapublishing.org/ol/abstract.cfm?uri=ol-14-14-745&origin=search,https://www.osapublishing.org/ol/viewmedia.cfm?URI=ol-14-14-745&seq=0&html=true&origin=search,https://www.osapublishing.org/ol/viewmedia.cfm?URI=ol-14-14-745&seq=0&origin=search
109,The Imbert-Fedorov and Goos-Hänchen Shift at Metamaterial Interfaces,"Paul, Thomas; Menzel, Christoph; Rockstuhl, Carsten; Lederer, Falk","Conference on Lasers and Electro-Optics, Paper# JTuA121 ",2008,https://www.osapublishing.org/abstract.cfm?uri=cleo-2008-JTuA121&origin=search,,https://www.osapublishing.org/viewmedia.cfm?URI=cleo-2008-JTuA121&seq=0&origin=search
110,The Imbert-Fedorov and Goos-Hänchen Shift at Metamaterial Interfaces,"Paul, Thomas; Menzel, Christoph; Rockstuhl, Carsten; Lederer, Falk","Quantum Electronics and Laser Science Conference, Paper# JTuA121 ",2008,https://www.osapublishing.org/abstract.cfm?uri=qels-2008-JTuA121&origin=search,,https://www.osapublishing.org/viewmedia.cfm?URI=qels-2008-JTuA121&seq=0&origin=search
111,Focal shift and ray model for total internal reflection,"Carniglia, C. K.; Brownstein, K. R.",Journal of the Optical Society of America 67(1) 121-122 ,1977,https://www.osapublishing.org/josa/abstract.cfm?uri=josa-67-1-121&origin=search,https://www.osapublishing.org/josa/viewmedia.cfm?URI=josa-67-1-121&seq=0&html=true&origin=search,https://www.osapublishing.org/josa/viewmedia.cfm?URI=josa-67-1-121&seq=0&origin=search
112,1.5 mm light beam shift arising from 14 pm variation of wavelength,"Hao, Jun; Li, Honggen; Yin, Cheng; Cao, Zhuangqi",Journal of the Optical Society of America B 27(6) 1305-1308 ,2010,https://www.osapublishing.org/josab/abstract.cfm?uri=josab-27-6-1305&origin=search,https://www.osapublishing.org/josab/viewmedia.cfm?URI=josab-27-6-1305&seq=0&html=true&origin=search,https://www.osapublishing.org/josab/viewmedia.cfm?URI=josab-27-6-1305&seq=0&origin=search
113,The Normal Incidence Goos-Hänchen Shift,"Dumelow, Thomas; Lima, Francinete; da Costa, José A.; Albuquerque, Eudenilson L.","Quantum Electronics and Laser Science Conference, Paper# QThF4 ",2008,https://www.osapublishing.org/abstract.cfm?uri=qels-2008-QThF4&origin=search,,https://www.osapublishing.org/viewmedia.cfm?URI=qels-2008-QThF4&seq=0&origin=search
114,Realization of “trapped rainbow” in 1D slab waveguide with surface dispersion engineering,"Yang, Rui; Zhu, Wenkan; Li, Jingjing",Optics Express 23(5) 6326-6335 ,2015,https://www.osapublishing.org/oe/abstract.cfm?uri=oe-23-5-6326&origin=search,https://www.osapublishing.org/oe/viewmedia.cfm?URI=oe-23-5-6326&seq=0&html=true&origin=search,https://www.osapublishing.org/oe/viewmedia.cfm?URI=oe-23-5-6326&seq=0&origin=search
115,Energy motion on total internal reflection of an electromagnetic wave packet,"Fedoseyev, V. G.",Journal of the Optical Society of America A 3(6) 826-829 ,1986,https://www.osapublishing.org/josaa/abstract.cfm?uri=josaa-3-6-826&origin=search,https://www.osapublishing.org/josaa/viewmedia.cfm?URI=josaa-3-6-826&seq=0&html=true&origin=search,https://www.osapublishing.org/josaa/viewmedia.cfm?URI=josaa-3-6-826&seq=0&origin=search
116,Fresnel phase matching for three-wave mixing in isotropic semiconductors,"Haïdar, Riad; Forget, Nicolas; Kupecek, Philippe; Rosencher, Emmanuel",Journal of the Optical Society of America B 21(8) 1522-1534 ,2004,https://www.osapublishing.org/josab/abstract.cfm?uri=josab-21-8-1522&origin=search,https://www.osapublishing.org/josab/viewmedia.cfm?URI=josab-21-8-1522&seq=0&html=true&origin=search,https://www.osapublishing.org/josab/viewmedia.cfm?URI=josab-21-8-1522&seq=0&origin=search
117,Optical beam shifts in graphene and single-layer boron-nitride,"Merano, Michele",Optics Letters 41(24) 5780-5783 ,2016,https://www.osapublishing.org/ol/abstract.cfm?uri=ol-41-24-5780&origin=search,https://www.osapublishing.org/ol/viewmedia.cfm?URI=ol-41-24-5780&seq=0&html=true&origin=search,https://www.osapublishing.org/ol/viewmedia.cfm?URI=ol-41-24-5780&seq=0&origin=search
118,Time delay associated with total reflection of a plane wave upon plasma mirror,"Liu, Xiangmin; Cao, Zhuangqi; Zhu, Pengfei; Shen, Qishun",Optics Express 14(8) 3588-3593 ,2006,https://www.osapublishing.org/oe/abstract.cfm?uri=oe-14-8-3588&origin=search,https://www.osapublishing.org/oe/viewmedia.cfm?URI=oe-14-8-3588&seq=0&html=true&origin=search,https://www.osapublishing.org/oe/viewmedia.cfm?URI=oe-14-8-3588&seq=0&origin=search
119,Polarimetric measurement method to calculate optical beam shifts,"Prajapati, Chandravati; Pidishety, Shankar; Viswanathan, Nirmal K.",Optics Letters 39(15) 4388-4391 ,2014,https://www.osapublishing.org/ol/abstract.cfm?uri=ol-39-15-4388&origin=search,https://www.osapublishing.org/ol/viewmedia.cfm?URI=ol-39-15-4388&seq=0&html=true&origin=search,https://www.osapublishing.org/ol/viewmedia.cfm?URI=ol-39-15-4388&seq=0&origin=search
120,Goos–Hänchen effect around and off the critical angle,"Lai, H. M.; Cheng, F. C.; Tang, W. K.",Journal of the Optical Society of America A 3(4) 550-557 ,1986,https://www.osapublishing.org/josaa/abstract.cfm?uri=josaa-3-4-550&origin=search,https://www.osapublishing.org/josaa/viewmedia.cfm?URI=josaa-3-4-550&seq=0&html=true&origin=search,https://www.osapublishing.org/josaa/viewmedia.cfm?URI=josaa-3-4-550&seq=0&origin=search
121,Optical temperature sensing based on the Goos–Hänchen effect,"Chen, Chih-Wei; Lin, Wen-Chi; Liao, Lu-Shing; Lin, Zheng-Hung; Chiang, Hai-Pang; Leung, Pui-Tak; Sijercic, Edin; Tse, Wan-Sun",Applied Optics 46(22) 5347-5351 ,2007,https://www.osapublishing.org/ao/abstract.cfm?uri=ao-46-22-5347&origin=search,https://www.osapublishing.org/ao/viewmedia.cfm?URI=ao-46-22-5347&seq=0&html=true&origin=search,https://www.osapublishing.org/ao/viewmedia.cfm?URI=ao-46-22-5347&seq=0&origin=search
122,The Goos-Hänchen effect for surface plasmon polaritons,"Huerkamp, Felix; Leskova, Tamara A.; Maradudin, Alexei A.; Baumeier, Björn",Optics Express 19(16) 15483-15489 ,2011,https://www.osapublishing.org/oe/abstract.cfm?uri=oe-19-16-15483&origin=search,https://www.osapublishing.org/oe/viewmedia.cfm?URI=oe-19-16-15483&seq=0&html=true&origin=search,https://www.osapublishing.org/oe/viewmedia.cfm?URI=oe-19-16-15483&seq=0&origin=search
123,Oscillating wave displacement sensor using the enhanced Goos–Hänchen effect in a symmetrical metal-cladding optical waveguide,"Yu, Tianyi; Li, Honggen; Cao, Zhuangqi; Wang, Yi; Shen, Qishun; He, Ying",Optics Letters 33(9) 1001-1003 ,2008,https://www.osapublishing.org/ol/abstract.cfm?uri=ol-33-9-1001&origin=search,https://www.osapublishing.org/ol/viewmedia.cfm?URI=ol-33-9-1001&seq=0&html=true&origin=search,https://www.osapublishing.org/ol/viewmedia.cfm?URI=ol-33-9-1001&seq=0&origin=search
124,Goos-Hänchen effect observed for focused x-ray beams under resonant mode excitation,"Zhong, Qi; Melchior, Lars; Peng, Jichang; Huang, Qiushi; Wang, Zhanshan; Salditt, Tim",Optics Express 25(15) 17431-17445   [Editors' Pick,2017,https://www.osapublishing.org/oe/abstract.cfm?uri=oe-25-15-17431&origin=search,https://www.osapublishing.org/oe/viewmedia.cfm?URI=oe-25-15-17431&seq=0&html=true&origin=search,https://www.osapublishing.org/oe/viewmedia.cfm?URI=oe-25-15-17431&seq=0&origin=search
125,Nonreciprocal Goos-Hänchen Shift on Oblique Incidence Reflection off Antiferromagnets,"Dumelow, Thomas; Lima, Francinete; da Costa, José A.; Albuquerque, Eudenilson L.","Frontiers in Optics, Paper# FTuX4 ",2009,https://www.osapublishing.org/abstract.cfm?uri=fio-2009-FTuX4&origin=search,,https://www.osapublishing.org/viewmedia.cfm?URI=fio-2009-FTuX4&seq=0&origin=search
126,Amplified total internal reflection,"Fan, J.; Dogariu, A.; Wang, L. J.",Optics Express 11(4) 299-308 ,2003,https://www.osapublishing.org/oe/abstract.cfm?uri=oe-11-4-299&origin=search,https://www.osapublishing.org/oe/viewmedia.cfm?URI=oe-11-4-299&seq=0&html=true&origin=search,https://www.osapublishing.org/oe/viewmedia.cfm?URI=oe-11-4-299&seq=0&origin=search
127,Nonreciprocity in the Goos–Hänchen shift on oblique incidence reflection off antiferromagnets,"Lima, F.; Dumelow, T.; Albuquerque, E. L.; da Costa, J. A.P.",Journal of the Optical Society of America B 28(2) 306-313 ,2011,https://www.osapublishing.org/josab/abstract.cfm?uri=josab-28-2-306&origin=search,https://www.osapublishing.org/josab/viewmedia.cfm?URI=josab-28-2-306&seq=0&html=true&origin=search,https://www.osapublishing.org/josab/viewmedia.cfm?URI=josab-28-2-306&seq=0&origin=search
128,Lateral and focal shifts of phase-conjugated beams in photorefractive materials,"Papen, George C.; Saleh, Bahaa E. A.",Optics Letters 14(14) 745-747 ,1989,https://www.osapublishing.org/ol/abstract.cfm?uri=ol-14-14-745&origin=search,https://www.osapublishing.org/ol/viewmedia.cfm?URI=ol-14-14-745&seq=0&html=true&origin=search,https://www.osapublishing.org/ol/viewmedia.cfm?URI=ol-14-14-745&seq=0&origin=search
129,The Imbert-Fedorov and Goos-Hänchen Shift at Metamaterial Interfaces,"Paul, Thomas; Menzel, Christoph; Rockstuhl, Carsten; Lederer, Falk","Conference on Lasers and Electro-Optics, Paper# JTuA121 ",2008,https://www.osapublishing.org/abstract.cfm?uri=cleo-2008-JTuA121&origin=search,,https://www.osapublishing.org/viewmedia.cfm?URI=cleo-2008-JTuA121&seq=0&origin=search
130,The Imbert-Fedorov and Goos-Hänchen Shift at Metamaterial Interfaces,"Paul, Thomas; Menzel, Christoph; Rockstuhl, Carsten; Lederer, Falk","Quantum Electronics and Laser Science Conference, Paper# JTuA121 ",2008,https://www.osapublishing.org/abstract.cfm?uri=qels-2008-JTuA121&origin=search,,https://www.osapublishing.org/viewmedia.cfm?URI=qels-2008-JTuA121&seq=0&origin=search
131,Focal shift and ray model for total internal reflection,"Carniglia, C. K.; Brownstein, K. R.",Journal of the Optical Society of America 67(1) 121-122 ,1977,https://www.osapublishing.org/josa/abstract.cfm?uri=josa-67-1-121&origin=search,https://www.osapublishing.org/josa/viewmedia.cfm?URI=josa-67-1-121&seq=0&html=true&origin=search,https://www.osapublishing.org/josa/viewmedia.cfm?URI=josa-67-1-121&seq=0&origin=search
132,1.5 mm light beam shift arising from 14 pm variation of wavelength,"Hao, Jun; Li, Honggen; Yin, Cheng; Cao, Zhuangqi",Journal of the Optical Society of America B 27(6) 1305-1308 ,2010,https://www.osapublishing.org/josab/abstract.cfm?uri=josab-27-6-1305&origin=search,https://www.osapublishing.org/josab/viewmedia.cfm?URI=josab-27-6-1305&seq=0&html=true&origin=search,https://www.osapublishing.org/josab/viewmedia.cfm?URI=josab-27-6-1305&seq=0&origin=search
133,The Normal Incidence Goos-Hänchen Shift,"Dumelow, Thomas; Lima, Francinete; da Costa, José A.; Albuquerque, Eudenilson L.","Quantum Electronics and Laser Science Conference, Paper# QThF4 ",2008,https://www.osapublishing.org/abstract.cfm?uri=qels-2008-QThF4&origin=search,,https://www.osapublishing.org/viewmedia.cfm?URI=qels-2008-QThF4&seq=0&origin=search
134,Realization of “trapped rainbow” in 1D slab waveguide with surface dispersion engineering,"Yang, Rui; Zhu, Wenkan; Li, Jingjing",Optics Express 23(5) 6326-6335 ,2015,https://www.osapublishing.org/oe/abstract.cfm?uri=oe-23-5-6326&origin=search,https://www.osapublishing.org/oe/viewmedia.cfm?URI=oe-23-5-6326&seq=0&html=true&origin=search,https://www.osapublishing.org/oe/viewmedia.cfm?URI=oe-23-5-6326&seq=0&origin=search
135,Energy motion on total internal reflection of an electromagnetic wave packet,"Fedoseyev, V. G.",Journal of the Optical Society of America A 3(6) 826-829 ,1986,https://www.osapublishing.org/josaa/abstract.cfm?uri=josaa-3-6-826&origin=search,https://www.osapublishing.org/josaa/viewmedia.cfm?URI=josaa-3-6-826&seq=0&html=true&origin=search,https://www.osapublishing.org/josaa/viewmedia.cfm?URI=josaa-3-6-826&seq=0&origin=search
136,Fresnel phase matching for three-wave mixing in isotropic semiconductors,"Haïdar, Riad; Forget, Nicolas; Kupecek, Philippe; Rosencher, Emmanuel",Journal of the Optical Society of America B 21(8) 1522-1534 ,2004,https://www.osapublishing.org/josab/abstract.cfm?uri=josab-21-8-1522&origin=search,https://www.osapublishing.org/josab/viewmedia.cfm?URI=josab-21-8-1522&seq=0&html=true&origin=search,https://www.osapublishing.org/josab/viewmedia.cfm?URI=josab-21-8-1522&seq=0&origin=search
137,Optical beam shifts in graphene and single-layer boron-nitride,"Merano, Michele",Optics Letters 41(24) 5780-5783 ,2016,https://www.osapublishing.org/ol/abstract.cfm?uri=ol-41-24-5780&origin=search,https://www.osapublishing.org/ol/viewmedia.cfm?URI=ol-41-24-5780&seq=0&html=true&origin=search,https://www.osapublishing.org/ol/viewmedia.cfm?URI=ol-41-24-5780&seq=0&origin=search
138,Time delay associated with total reflection of a plane wave upon plasma mirror,"Liu, Xiangmin; Cao, Zhuangqi; Zhu, Pengfei; Shen, Qishun",Optics Express 14(8) 3588-3593 ,2006,https://www.osapublishing.org/oe/abstract.cfm?uri=oe-14-8-3588&origin=search,https://www.osapublishing.org/oe/viewmedia.cfm?URI=oe-14-8-3588&seq=0&html=true&origin=search,https://www.osapublishing.org/oe/viewmedia.cfm?URI=oe-14-8-3588&seq=0&origin=search
139,Polarimetric measurement method to calculate optical beam shifts,"Prajapati, Chandravati; Pidishety, Shankar; Viswanathan, Nirmal K.",Optics Letters 39(15) 4388-4391 ,2014,https://www.osapublishing.org/ol/abstract.cfm?uri=ol-39-15-4388&origin=search,https://www.osapublishing.org/ol/viewmedia.cfm?URI=ol-39-15-4388&seq=0&html=true&origin=search,https://www.osapublishing.org/ol/viewmedia.cfm?URI=ol-39-15-4388&seq=0&origin=search
140,Exact-image method for Gaussian-beam problems involving a planar interface,"Lindell, Ismo V.",Journal of the Optical Society of America A 4(12) 2185-2190 ,1987,https://www.osapublishing.org/josaa/abstract.cfm?uri=josaa-4-12-2185&origin=search,https://www.osapublishing.org/josaa/viewmedia.cfm?URI=josaa-4-12-2185&seq=0&html=true&origin=search,https://www.osapublishing.org/josaa/viewmedia.cfm?URI=josaa-4-12-2185&seq=0&origin=search
141,Influence of total reflection on the imaging quality of optical systems,"Miks, Antonin; Novak, Jiri; Novak, Pavel",Journal of the Optical Society of America A 22(1) 168-173 ,2005,https://www.osapublishing.org/josaa/abstract.cfm?uri=josaa-22-1-168&origin=search,https://www.osapublishing.org/josaa/viewmedia.cfm?URI=josaa-22-1-168&seq=0&html=true&origin=search,https://www.osapublishing.org/josaa/viewmedia.cfm?URI=josaa-22-1-168&seq=0&origin=search
142,Waveguide loss evaluation by the ray-optics method,"Miyagi, Mitsunobu; Kawakami, Shojiro",Journal of the Optical Society of America 73(4) 486-489 ,1983,https://www.osapublishing.org/josa/abstract.cfm?uri=josa-73-4-486&origin=search,https://www.osapublishing.org/josa/viewmedia.cfm?URI=josa-73-4-486&seq=0&html=true&origin=search,https://www.osapublishing.org/josa/viewmedia.cfm?URI=josa-73-4-486&seq=0&origin=search
143,Limits to superweak amplification of beam shifts,"Götte, Jörg B.; Dennis, Mark R.",Optics Letters 38(13) 2295-2297 ,2013,https://www.osapublishing.org/ol/abstract.cfm?uri=ol-38-13-2295&origin=search,https://www.osapublishing.org/ol/viewmedia.cfm?URI=ol-38-13-2295&seq=0&html=true&origin=search,https://www.osapublishing.org/ol/viewmedia.cfm?URI=ol-38-13-2295&seq=0&origin=search
144,Beam shifts of Far-Infrared Radiation on Reflection off the Anisotropic Crystal LiYF4,"Macêdo, Rair; Dumelow, Thomas; da Costa, José A. P.","Latin America Optics and Photonics Conference, Paper# LT2A.20 ",2012,https://www.osapublishing.org/abstract.cfm?uri=laop-2012-LT2A.20&origin=search,,https://www.osapublishing.org/viewmedia.cfm?URI=laop-2012-LT2A.20&seq=0&origin=search
145,Controlling transverse shift of the reflected light via high refractive index with zero absorption,"Zhang, Xiao-Jun; Wang, Hai-Hua; Liu, Cheng-Zhi; Zhang, Guo-Wan; Wang, Lei; Wu, Jin-Hui",Optics Express 25(9) 10335-10344 ,2017,https://www.osapublishing.org/oe/abstract.cfm?uri=oe-25-9-10335&origin=search,https://www.osapublishing.org/oe/viewmedia.cfm?URI=oe-25-9-10335&seq=0&html=true&origin=search,https://www.osapublishing.org/oe/viewmedia.cfm?URI=oe-25-9-10335&seq=0&origin=search
146,Radial mode dependence of optical beam shifts,"Hermosa, N.; Aiello, Andrea; Woerdman, J. P.",Optics Letters 37(6) 1044-1046 ,2012,https://www.osapublishing.org/ol/abstract.cfm?uri=ol-37-6-1044&origin=search,https://www.osapublishing.org/ol/viewmedia.cfm?URI=ol-37-6-1044&seq=0&html=true&origin=search,https://www.osapublishing.org/ol/viewmedia.cfm?URI=ol-37-6-1044&seq=0&origin=search
147,Nonspecular effects on reflection from absorbing media at and around Brewster’s dip,"Lai, H. M.; Chan, S. W.; Wong, W. H.",Journal of the Optical Society of America A 23(12) 3208-3216 ,2006,https://www.osapublishing.org/josaa/abstract.cfm?uri=josaa-23-12-3208&origin=search,https://www.osapublishing.org/josaa/viewmedia.cfm?URI=josaa-23-12-3208&seq=0&html=true&origin=search,https://www.osapublishing.org/josaa/viewmedia.cfm?URI=josaa-23-12-3208&seq=0&origin=search
148,Symmetric and adjustable phase of higher-order reflected light from two-dimensional photonic crystal,"Dai, Qiao-Feng; Lan, Sheng; Wang, He-Zhou",Journal of the Optical Society of America B 27(3) 358-362 ,2010,https://www.osapublishing.org/josab/abstract.cfm?uri=josab-27-3-358&origin=search,https://www.osapublishing.org/josab/viewmedia.cfm?URI=josab-27-3-358&seq=0&html=true&origin=search,https://www.osapublishing.org/josab/viewmedia.cfm?URI=josab-27-3-358&seq=0&origin=search
149,Determination of the Goos-Hänchen shift in dielectric waveguides via photo emission electron microscopy in the visible spectrum,"Stenmark, Theodore; Word, R. C.; Könenkamp, R.",Optics Express 24(4) 3839-3848 ,2016,https://www.osapublishing.org/oe/abstract.cfm?uri=oe-24-4-3839&origin=search,https://www.osapublishing.org/oe/viewmedia.cfm?URI=oe-24-4-3839&seq=0&html=true&origin=search,https://www.osapublishing.org/oe/viewmedia.cfm?URI=oe-24-4-3839&seq=0&origin=search
150,Nonlinear Goos-Hänchen shift of Nematicons at a bias-controlled dielectric interface,"Peccianti, Marco; Assanto, Gaetano; Dyadyusha, Andriy; Kaczmarek, Malgosia","International Quantum Electronics Conference, Paper# IE7_6 ",2007,https://www.osapublishing.org/abstract.cfm?uri=iqec-2007-IE7_6&origin=search,,https://www.osapublishing.org/viewmedia.cfm?URI=iqec-2007-IE7_6&seq=0&origin=search
151,Behavior of obliquely incident vector Bessel beams at planar interfaces,"Salem, Mohamed A.; Bağcı, Hakan",Journal of the Optical Society of America A 30(6) 1172-1179 ,2013,https://www.osapublishing.org/josaa/abstract.cfm?uri=josaa-30-6-1172&origin=search,https://www.osapublishing.org/josaa/viewmedia.cfm?URI=josaa-30-6-1172&seq=0&html=true&origin=search,https://www.osapublishing.org/josaa/viewmedia.cfm?URI=josaa-30-6-1172&seq=0&origin=search
152,Numerical study of the displacement of a three-dimensional Gaussian beam transmitted at total internal reflection. Near-field applications,"Baida, Fadi I.; Van Labeke, Daniel; Vigoureux, Jean-Marie",Journal of the Optical Society of America A 17(5) 858-866 ,2000,https://www.osapublishing.org/josaa/abstract.cfm?uri=josaa-17-5-858&origin=search,https://www.osapublishing.org/josaa/viewmedia.cfm?URI=josaa-17-5-858&seq=0&html=true&origin=search,https://www.osapublishing.org/josaa/viewmedia.cfm?URI=josaa-17-5-858&seq=0&origin=search
153,Enhanced displacements in reflected beams at hyperbolic metamaterials,"Xu, Chenran; Xu, Jingping; Song, Ge; Zhu, Chengjie; Yang, Yaping; Agarwal, Girish S.",Optics Express 24(19) 21767-21776 ,2016,https://www.osapublishing.org/oe/abstract.cfm?uri=oe-24-19-21767&origin=search,https://www.osapublishing.org/oe/viewmedia.cfm?URI=oe-24-19-21767&seq=0&html=true&origin=search,https://www.osapublishing.org/oe/viewmedia.cfm?URI=oe-24-19-21767&seq=0&origin=search
154,Direct high precision measurement of optical Goos-Hänchen Shift,"Schwefel, H. G. L.; Köhler, W.; Lu, Z. H.; Wang, L. J.; Fan, J.","International Quantum Electronics Conference, Paper# ID_4 ",2007,https://www.osapublishing.org/abstract.cfm?uri=iqec-2007-ID_4&origin=search,,https://www.osapublishing.org/viewmedia.cfm?URI=iqec-2007-ID_4&seq=0&origin=search
155,Effect of Goos-Hänchen shifts on pulse widths in optical waveguides,"White, I A.; Pask, C.",Applied Optics 16(9) 2353-2355 ,1977,https://www.osapublishing.org/ao/abstract.cfm?uri=ao-16-9-2353&origin=search,https://www.osapublishing.org/ao/viewmedia.cfm?URI=ao-16-9-2353&seq=0&html=true&origin=search,https://www.osapublishing.org/ao/viewmedia.cfm?URI=ao-16-9-2353&seq=0&origin=search
156,Analysis of reflectance curve of turbid media and determination of the non-surface complex refractive index,"Sun, Jiwen; Wang, Jin; Ye, Qing; Mei, Jianchun; Zhou, Wenyuan; Zhang, Chunping; Tian, Jianguo",Optics Express 23(19) 24602-24611 ,2015,https://www.osapublishing.org/oe/abstract.cfm?uri=oe-23-19-24602&origin=search,https://www.osapublishing.org/oe/viewmedia.cfm?URI=oe-23-19-24602&seq=0&html=true&origin=search,https://www.osapublishing.org/oe/viewmedia.cfm?URI=oe-23-19-24602&seq=0&origin=search
157,Influence of total reflection on the imaging quality of optical systems: comment,"Stahlhofen, A. A.",Journal of the Optical Society of America A 23(1) 146-147 ,2006,https://www.osapublishing.org/josaa/abstract.cfm?uri=josaa-23-1-146&origin=search,https://www.osapublishing.org/josaa/viewmedia.cfm?URI=josaa-23-1-146&seq=0&html=true&origin=search,https://www.osapublishing.org/josaa/viewmedia.cfm?URI=josaa-23-1-146&seq=0&origin=search
158,Reflected image of a strongly focused spot,"Novotny, Lukas; Grober, Robert D.; Karrai, Khaled",Optics Letters 26(11) 789-791 ,2001,https://www.osapublishing.org/ol/abstract.cfm?uri=ol-26-11-789&origin=search,https://www.osapublishing.org/ol/viewmedia.cfm?URI=ol-26-11-789&seq=0&html=true&origin=search,https://www.osapublishing.org/ol/viewmedia.cfm?URI=ol-26-11-789&seq=0&origin=search
159,Analytical expression of giant Go os–Hänchen shift in terms of proper and improper modes in waveguide structures with arbitrary refractive index profile,"Alishahi, Fatemeh; Mehrany, Khashayar",Optics Letters 35(11) 1759-1761 ,2010,https://www.osapublishing.org/ol/abstract.cfm?uri=ol-35-11-1759&origin=search,https://www.osapublishing.org/ol/viewmedia.cfm?URI=ol-35-11-1759&seq=0&html=true&origin=search,https://www.osapublishing.org/ol/viewmedia.cfm?URI=ol-35-11-1759&seq=0&origin=search
160,Apparent causality paradox in frustrated Gires–Tournois interferometers,"Tournois, P.",Optics Letters 30(8) 815-817 ,2005,https://www.osapublishing.org/ol/abstract.cfm?uri=ol-30-8-815&origin=search,https://www.osapublishing.org/ol/viewmedia.cfm?URI=ol-30-8-815&seq=0&html=true&origin=search,https://www.osapublishing.org/ol/viewmedia.cfm?URI=ol-30-8-815&seq=0&origin=search
161,Reflection of a Gaussian beam at a nonlinear interface,"Tomlinson, W. J.; Gordon, J. P.; Smith, P. W.; Kaplan, A. E.",Applied Optics 21(11) 2041-2051 ,1982,https://www.osapublishing.org/ao/abstract.cfm?uri=ao-21-11-2041&origin=search,https://www.osapublishing.org/ao/viewmedia.cfm?URI=ao-21-11-2041&seq=0&html=true&origin=search,https://www.osapublishing.org/ao/viewmedia.cfm?URI=ao-21-11-2041&seq=0&origin=search
162,The Effective Thickness in Internal Reflection Spectroscopy,"Epstein, D. J.",Applied Spectroscopy 34(2) 233-235 ,1980,https://www.osapublishing.org//as/abstract.cfm?uri=as-34-2-233&origin=search,,https://www.osapublishing.org//as/viewmedia.cfm?URI=as-34-2-233&seq=0&origin=search
163,Reply to “Correction to the theory of the Goos-Hänchen shift by Lotsch” by C. K. Carniglia,"Lotsch, Helmut K. V.",Journal of the Optical Society of America 66(12) 1426-1426 ,1976,https://www.osapublishing.org/josa/abstract.cfm?uri=josa-66-12-1426&origin=search,https://www.osapublishing.org/josa/viewmedia.cfm?URI=josa-66-12-1426&seq=0&html=true&origin=search,https://www.osapublishing.org/josa/viewmedia.cfm?URI=josa-66-12-1426&seq=0&origin=search
164,Pulsed and CW Gaussian beam interactions with double negative metamaterial slabs,"Ziolkowski, Richard W.",Optics Express 11(7) 662-681   [Suppl. Mat. (9),2003,https://www.osapublishing.org/oe/abstract.cfm?uri=oe-11-7-662&origin=search,https://www.osapublishing.org/oe/viewmedia.cfm?URI=oe-11-7-662&seq=0&html=true&origin=search,https://www.osapublishing.org/oe/viewmedia.cfm?URI=oe-11-7-662&seq=0&origin=search
165,Fine structure in the reflection of cylindrical light beams,"Götte, Jörg; Dennis, Mark","The European Conference on Lasers and Electro-Optics, Paper# CLEB_P4 ",2011,https://www.osapublishing.org/abstract.cfm?uri=cleo_europe-2011-CLEB_P4&origin=search,,https://www.osapublishing.org/viewmedia.cfm?URI=cleo_europe-2011-CLEB_P4&seq=0&origin=search
166,Fine structure in the reflection of cylindrical light beams,"Götte, Jörg; Dennis, Mark","European Quantum Electronics Conference, Paper# CLEB_P4 ",2011,https://www.osapublishing.org/abstract.cfm?uri=eqec-2011-CLEB_P4&origin=search,,https://www.osapublishing.org/viewmedia.cfm?URI=eqec-2011-CLEB_P4&seq=0&origin=search
167,High sensitivity refractive index sensor based on adiabatic tapered optical fiber deposited with nanofilm by ALD,"Zhu, Shan; Pang, Fufei; Huang, Sujuan; Zou, Fang; Dong, Yanhua; Wang, Tingyun",Optics Express 23(11) 13880-13888 ,2015,https://www.osapublishing.org/oe/abstract.cfm?uri=oe-23-11-13880&origin=search,https://www.osapublishing.org/oe/viewmedia.cfm?URI=oe-23-11-13880&seq=0&html=true&origin=search,https://www.osapublishing.org/oe/viewmedia.cfm?URI=oe-23-11-13880&seq=0&origin=search
168,Observing angular deviations in light-beam reflection via weak measurements,"Jayaswal, G.; Mistura, G.; Merano, M.",Optics Letters 39(21) 6257-6260 ,2014,https://www.osapublishing.org/ol/abstract.cfm?uri=ol-39-21-6257&origin=search,https://www.osapublishing.org/ol/viewmedia.cfm?URI=ol-39-21-6257&seq=0&html=true&origin=search,https://www.osapublishing.org/ol/viewmedia.cfm?URI=ol-39-21-6257&seq=0&origin=search
169,Relationships between the Goos-Hänchen Shift and the Effective Thickness in Attenuated Total Reflection Spectroscopy,"Hirschfeld, Tomas",Applied Spectroscopy 31(3) 243-244 ,1977,https://www.osapublishing.org//as/abstract.cfm?uri=as-31-3-243&origin=search,,https://www.osapublishing.org//as/viewmedia.cfm?URI=as-31-3-243&seq=0&origin=search
170,Excitation of guided waves in layered structures with negative refraction,"Shadrivov, Ilya V.; Ziolkowski, Richard W.; Zharov, Alexander A.; Kivshar, Yuri S.",Optics Express 13(2) 481-492   [Suppl. Mat. (5),2005,https://www.osapublishing.org/oe/abstract.cfm?uri=oe-13-2-481&origin=search,https://www.osapublishing.org/oe/viewmedia.cfm?URI=oe-13-2-481&seq=0&html=true&origin=search,https://www.osapublishing.org/oe/viewmedia.cfm?URI=oe-13-2-481&seq=0&origin=search
171,Longitudinal and transverse displacements of a bounded microwave beam at total internal reflection,"Cowan, J. J.; Aničin, B.",Journal of the Optical Society of America 67(10) 1307-1314 ,1977,https://www.osapublishing.org/josa/abstract.cfm?uri=josa-67-10-1307&origin=search,https://www.osapublishing.org/josa/viewmedia.cfm?URI=josa-67-10-1307&seq=0&html=true&origin=search,https://www.osapublishing.org/josa/viewmedia.cfm?URI=josa-67-10-1307&seq=0&origin=search
172,Reflection and refraction of an Airy beam at a dielectric interface,"Chremmos, Ioannis D.; Efremidis, Nikolaos K.",Journal of the Optical Society of America A 29(6) 861-868 ,2012,https://www.osapublishing.org/josaa/abstract.cfm?uri=josaa-29-6-861&origin=search,https://www.osapublishing.org/josaa/viewmedia.cfm?URI=josaa-29-6-861&seq=0&html=true&origin=search,https://www.osapublishing.org/josaa/viewmedia.cfm?URI=josaa-29-6-861&seq=0&origin=search
173,Role of spatial coherence in Goos–Hänchen and Imbert–Fedorov shifts: reply to comment,"Aiello, Andrea; Woerdman, J. P.",Optics Letters 37(6) 1057-1057 ,2012,https://www.osapublishing.org/ol/abstract.cfm?uri=ol-37-6-1057&origin=search,https://www.osapublishing.org/ol/viewmedia.cfm?URI=ol-37-6-1057&seq=0&html=true&origin=search,https://www.osapublishing.org/ol/viewmedia.cfm?URI=ol-37-6-1057&seq=0&origin=search
174,Hysteresis transmission of evanescent waves in a composite nonlinear device,"Delfino, G.; Mormile, P.",Optics Letters 10(12) 618-620 ,1985,https://www.osapublishing.org/ol/abstract.cfm?uri=ol-10-12-618&origin=search,https://www.osapublishing.org/ol/viewmedia.cfm?URI=ol-10-12-618&seq=0&html=true&origin=search,https://www.osapublishing.org/ol/viewmedia.cfm?URI=ol-10-12-618&seq=0&origin=search
175,Observing angular deviations in light beam reflection via weak measurements,"Merano, Michele; Jayaswal, Gaurav; Mistura, Giampaolo","Frontiers in Optics, Paper# FW1C.6 ",2014,https://www.osapublishing.org/abstract.cfm?uri=fio-2014-FW1C.6&origin=search,,https://www.osapublishing.org/viewmedia.cfm?URI=fio-2014-FW1C.6&seq=0&origin=search
176,Spin-Hall effect and circular birefringence of a uniaxial crystal plate,"Bliokh, Konstantin Y.; Samlan, C. T.; Prajapati, Chandravati; Puentes, Graciana; Viswanathan, Nirmal K.; Nori, Franco",Optica 3(10) 1039-1047 ,2016,https://www.osapublishing.org/optica/abstract.cfm?uri=optica-3-10-1039&origin=search,https://www.osapublishing.org/optica/viewmedia.cfm?URI=optica-3-10-1039&seq=0&html=true&origin=search,https://www.osapublishing.org/optica/viewmedia.cfm?URI=optica-3-10-1039&seq=0&origin=search
177,Tunable Fano resonances of a graphene/waveguide hybrid structure at mid-infrared wavelength,"Guo, Jun; Jiang, Leyong; Dai, Xiaoyu; Xiang, Yuanjiang",Optics Express 24(5) 4740-4748 ,2016,https://www.osapublishing.org/oe/abstract.cfm?uri=oe-24-5-4740&origin=search,https://www.osapublishing.org/oe/viewmedia.cfm?URI=oe-24-5-4740&seq=0&html=true&origin=search,https://www.osapublishing.org/oe/viewmedia.cfm?URI=oe-24-5-4740&seq=0&origin=search
178,Optical-assembly periodic structure of ferrofluids in a liquid core/metal cladding optical waveguide,"Wang, Xianping; Yin, Cheng; Sun, Jingjing; Han, Qingbang; Li, Honggen; Sang, Minghuang; Yuan, Wen; Cao, Zhuangqi",Applied Optics 52(31) 7549-7553 ,2013,https://www.osapublishing.org/ao/abstract.cfm?uri=ao-52-31-7549&origin=search,https://www.osapublishing.org/ao/viewmedia.cfm?URI=ao-52-31-7549&seq=0&html=true&origin=search,https://www.osapublishing.org/ao/viewmedia.cfm?URI=ao-52-31-7549&seq=0&origin=search
179,Lateral Displacement of Optical Beams at Multilayered and Periodic Structures,"Tamir, T.; Bertoni, H. L.",Journal of the Optical Society of America 61(10) 1397-1413 ,1971,https://www.osapublishing.org/josa/abstract.cfm?uri=josa-61-10-1397&origin=search,https://www.osapublishing.org/josa/viewmedia.cfm?URI=josa-61-10-1397&seq=0&html=true&origin=search,https://www.osapublishing.org/josa/viewmedia.cfm?URI=josa-61-10-1397&seq=0&origin=search
180,Optical Properties of a Tilted Polarizer and Geometric Spin Hall Effect of Light,"Korger, Jan; Aiello, Andrea; Gabriel, Christian; Banzer, Peter; Kolb, Tobias; Marquardt, Christoph; Leuchs, Gerd","European Quantum Electronics Conference, Paper# EE_P5 ",2011,https://www.osapublishing.org/abstract.cfm?uri=eqec-2011-EE_P5&origin=search,,https://www.osapublishing.org/viewmedia.cfm?URI=eqec-2011-EE_P5&seq=0&origin=search
181,Measuring optical tunneling times using a Hong-Ou-Mandel interferometer,"Papoular, D. J.; Cladé, P.; Polyakov, S. V.; McCormick, C. F.; Migdall, A. L.; Lett, P. D.",Optics Express 16(20) 16005-16012 ,2008,https://www.osapublishing.org/oe/abstract.cfm?uri=oe-16-20-16005&origin=search,https://www.osapublishing.org/oe/viewmedia.cfm?URI=oe-16-20-16005&seq=0&html=true&origin=search,https://www.osapublishing.org/oe/viewmedia.cfm?URI=oe-16-20-16005&seq=0&origin=search
182,Lateral Displacement of a Light Beam at a Dielectric Interface,"Horowitz, B. R.; Tamir, T.",Journal of the Optical Society of America 61(5) 586-594 ,1971,https://www.osapublishing.org/josa/abstract.cfm?uri=josa-61-5-586&origin=search,https://www.osapublishing.org/josa/viewmedia.cfm?URI=josa-61-5-586&seq=0&html=true&origin=search,https://www.osapublishing.org/josa/viewmedia.cfm?URI=josa-61-5-586&seq=0&origin=search
183,Beam displacement of a reflected beam at an interface between an inhomogeneous medium and free space,"Kozaki, S.; Harada, H.",Journal of the Optical Society of America 68(11) 1592-1596 ,1978,https://www.osapublishing.org/josa/abstract.cfm?uri=josa-68-11-1592&origin=search,https://www.osapublishing.org/josa/viewmedia.cfm?URI=josa-68-11-1592&seq=0&html=true&origin=search,https://www.osapublishing.org/josa/viewmedia.cfm?URI=josa-68-11-1592&seq=0&origin=search
184,Propagation behavior of incoherent beams in one-dimensional photonic crystals,"Ding, Fei-Na; Chen, Yuan-Yuan; Shi, Jie-Long",Journal of the Optical Society of America A 27(3) 422-425 ,2010,https://www.osapublishing.org/josaa/abstract.cfm?uri=josaa-27-3-422&origin=search,https://www.osapublishing.org/josaa/viewmedia.cfm?URI=josaa-27-3-422&seq=0&html=true&origin=search,https://www.osapublishing.org/josaa/viewmedia.cfm?URI=josaa-27-3-422&seq=0&origin=search
185,Experimental observation of the Imbert–Fedorov transverse displacement after a single total reflection,"Pillon, Frank; Gilles, Hervé; Girard, Sylvain",Applied Optics 43(9) 1863-1869 ,2004,https://www.osapublishing.org/ao/abstract.cfm?uri=ao-43-9-1863&origin=search,https://www.osapublishing.org/ao/viewmedia.cfm?URI=ao-43-9-1863&seq=0&html=true&origin=search,https://www.osapublishing.org/ao/viewmedia.cfm?URI=ao-43-9-1863&seq=0&origin=search
186,Fast analysis method for polarization-dependent performance of a concave diffraction grating with total-internal-reflection facets,"Song, Jun; He, Jian-Jun; He, Sailing",Journal of the Optical Society of America A 22(9) 1947-1951 ,2005,https://www.osapublishing.org/josaa/abstract.cfm?uri=josaa-22-9-1947&origin=search,https://www.osapublishing.org/josaa/viewmedia.cfm?URI=josaa-22-9-1947&seq=0&html=true&origin=search,https://www.osapublishing.org/josaa/viewmedia.cfm?URI=josaa-22-9-1947&seq=0&origin=search
187,Ray picture for prism–film coupling,"Hoekstra, H. J. W. M.; van’t Spijker, J. C.; Klein Koerkamp, H. M. M.",Journal of the Optical Society of America A 10(10) 2226-2230 ,1993,https://www.osapublishing.org/josaa/abstract.cfm?uri=josaa-10-10-2226&origin=search,https://www.osapublishing.org/josaa/viewmedia.cfm?URI=josaa-10-10-2226&seq=0&html=true&origin=search,https://www.osapublishing.org/josaa/viewmedia.cfm?URI=josaa-10-10-2226&seq=0&origin=search
188,Trajectory in the optical wave,"Nishiyama, Yoshio",Journal of the Optical Society of America A 12(6) 1390-1397 ,1995,https://www.osapublishing.org/josaa/abstract.cfm?uri=josaa-12-6-1390&origin=search,https://www.osapublishing.org/josaa/viewmedia.cfm?URI=josaa-12-6-1390&seq=0&html=true&origin=search,https://www.osapublishing.org/josaa/viewmedia.cfm?URI=josaa-12-6-1390&seq=0&origin=search
189,Propagation of nonparaxial partially coherent fields across interfaces using generalized radiometry,"Petruccelli, Jonathan C.; Alonso, Miguel A.",Journal of the Optical Society of America A 26(9) 2012-2022 ,2009,https://www.osapublishing.org/josaa/abstract.cfm?uri=josaa-26-9-2012&origin=search,https://www.osapublishing.org/josaa/viewmedia.cfm?URI=josaa-26-9-2012&seq=0&html=true&origin=search,https://www.osapublishing.org/josaa/viewmedia.cfm?URI=josaa-26-9-2012&seq=0&origin=search
190,Negative refraction and reflection of Gaussian beam on two-dimensional photonic crystal slab,"Fang, Yuntuan; Liu, Yuzhen; Shen, Tinggen",Chinese Optics Letters 4(4) 230-233 ,2006,https://www.osapublishing.org//col/abstract.cfm?uri=col-4-4-230&origin=search,,https://www.osapublishing.org//col/viewmedia.cfm?URI=col-4-4-230&seq=0&origin=search
